:020000040800F2
:10000000305C0024A5030008D7560008E947000823
:10001000D5560008AF080008E1690008000000009C
:10002000000000000000000000000000E5020008E1
:100030007D13000800000000410300080964000867
:10004000C3030008C3030008C3030008C303000878
:10005000C3030008C3030008C3030008C303000868
:10006000C3030008C3030008C3030008C303000858
:10007000C3030008C3030008C3030008C303000848
:10008000C3030008C3030008C303000811140008D9
:100090007D140008C3030008C3030008C30300085D
:1000A000C3030008C3030008C3030008C303000818
:1000B00095650008C3030008C3030008C3030008D4
:1000C000C3030008C3030008C3030008C3030008F8
:1000D000C3030008C3030008C3030008C3030008E8
:1000E000C3030008C303000800000000C3030008A6
:1000F000C3030008C3030008C3030008C3030008C8
:10010000C3030008C3030008C3030008C3030008B7
:10011000C3030008C3030008C3030008C3030008A7
:10012000C3030008C3030008C3030008C303000897
:10013000C3030008C3030008C3030008C303000887
:1001400000000000000000000000000000000000AF
:10015000C3030008C3030008C3030008C303000867
:10016000C3030008C3030008C3030008C303000857
:10017000C3030008C3030008C30300080000000015
:10018000C3030008C3030008C3030008C303000837
:10019000C3030008C3030008C3030008C303000827
:1001A000C3030008C3030008C303000800000000E5
:1001B000C3030008C3030008C3030008C303000807
:1001C000C3030008C3030008000000000000000093
:1001D0000000000000000000C30300080000000051
:1001E000000000000000000000000000000000000F
:1001F0000000000000000000C3030008C303000863
:10020000C3030008C303000800000000C303000884
:10021000C3030008C3030008C3030008C3030008A6
:10022000C303000800000000C30300080000000032
:10023000C3030008C303000800000000C303000854
:10024000C3030008C3030008C3030008C303000876
:10025000C3030008C3030008C3030008C303000866
:10026000C3030008C3030008C3030008C303000856
:10027000C3030008C3030008C30300080000000014
:10028000C3030008C3030008C3030008C303000836
:1002900000000000C3030008C303000800000000C2
:1002A00000000000C3030008C3030008C3030008E4
:1002B000C3030008C3030008C3030008C303000806
:1002C000C3030008C3030008C3030008DFF810D00D
:1002D00000F00AF9004800478DA10008AFF3008044
:1002E000305C00242C4B19680868B0E8F04F80F3AC
:1002F0000988BFF36F8F4FF0000080F311887047BB
:100300000000000008480068006880F308884FF08B
:10031000000080F3148862B661B6BFF34F8FBFF35D
:100320006F8F00DF00BF00BF08ED00E0DFF80C00BA
:10033000016841F470010160704700BF88ED00E082
:10034000EFF30980BFF36F8F134B1A681EF0100F85
:1003500008BF20ED108A20E9F04F106009B44FF07B
:10036000500080F31188BFF34F8FBFF36F8F0AF0F7
:10037000EBFF4FF0000080F3118809BC1968086892
:10038000B0E8F04F1EF0100F08BFB0EC108A80F3F9
:100390000988BFF36F8F704738000024EFF30580A2
:1003A00070470000074880470748804707480047D4
:1003B000FEE7FEE7FEE7FEE7FEE7FEE7FEE7FEE715
:1003C000FEE7FEE795130008BD640008CD020008B3
:1003D0002DE9F05F0546002092469B46884606467A
:1003E000814640241BE0284641464746224600F00D
:1003F00053F853465A46C01A914110D31146184635
:10040000224600F016F82D1A67EB01084F462246E7
:100410000120002100F00DF817EB00094E41201ECD
:10042000A4F10104DFDC484631462A464346BDE8D4
:10043000F09F202A04DB203A00FA02F100207047E6
:100440009140C2F1200320FA03F319439040704712
:1004500040EA01039B0703D009E008C9121F08C046
:10046000042AFAD203E011F8013B00F8013B521EC6
:10047000F9D27047D2B201E000F8012B491EFBD23D
:1004800070470022F6E710B513460A46044619469F
:10049000FFF7F0FF204610BD202A04DB203A21FAA6
:1004A00002F00021704721FA02F3D040C2F120028D
:1004B000914008431946704770B521F0004303434B
:1004C0000CD0C1F30A550024D5EB040564EB0403FA
:1004D000D617AD1AB34102DB0020014670BD2018CB
:1004E00041EB025170BD0000064C074D06E0E0688C
:1004F00040F0010394E8070098471034AC42F6D36B
:10050000FFF7E8FE10C8000830C8000870B58C1866
:1005100010F8015B15F0070301D110F8013B2A1117
:1005200006D110F8012B03E010F8016B01F8016B04
:100530005B1EF9D12B0705D40023521E0DD401F800
:10054000013BFAE710F8013BCB1A921C03E013F8C9
:10055000015B01F8015B521EF9D5A142D8D30020FE
:1005600070BD000001220248114602F004B80000EC
:100570000008025800220248012101F0FCBF0000DF
:100580000008025801220248082101F0F4BF0000CF
:100590000008025800220248082101F0ECBF0000C8
:1005A0000008025800487047A04E002470B5FFF7BD
:1005B000E1FF922000F060F978490622122000F055
:1005C0003DF9FFF7CFFF754E744C1C3E744DD6EDD0
:1005D000030AF07821780028607822D0000200B267
:1005E000084301EE100AD5ED0C1A95ED080AB8EE95
:1005F000C11A21EE201A51EE001AC5ED001AE0785A
:10060000A178D5ED0D1A000200B2084301EE100AE0
:10061000B8EEC11A21EE201A51EE001AC5ED011AEA
:100620001DE0000200B2084301EE100A95ED080A31
:10063000B8EEC11A21EE201A21EE001A85ED001A3B
:10064000E078A178000200B2084301EE100AB8EE8B
:10065000C11A21EE201A21EE001A85ED011A6079E7
:100660002179000200B20843708101EE100AB8EE51
:10067000C11A61EE200A20EE800A85ED020AFFF71A
:1006800089FF46490822002000F0D8F8FFF77AFFDA
:1006900020780F285BD1F078A1780028E0782ED060
:1006A000000200B2084300EE900A95ED091A96ED9B
:1006B000040AF8EEE00A10EE801A85ED031A60795C
:1006C000217995ED0A1A000200B2084300EE900A63
:1006D000F8EEE00A10EE801A85ED041AE079A179AF
:1006E000000200B20843708100EE900A95ED0B1AEB
:1006F000F8EEE00A10EE801A85ED051A27E00002F8
:1007000000B2084300EE900A96ED040AF8EEE00A03
:1007100060EE800AC5ED030A60792179000200B21B
:10072000084300EE900AF8EEE00A60EE800AC5ED9C
:10073000040AE079A179000200B20843708100EE5A
:10074000900AF8EEE00A20EE800A85ED050AFFF730
:1007500011FFA22000F090F810490222222000F0A0
:100760006DF8FFF7FFFE20786178C00040EA511075
:100770007081B0F5806F02DBA0F500607081B6F982
:100780000A00B4EE001A00EE100AF3EE070AB8EE03
:10079000C00A40EE010AC5ED070A70BDD40000246E
:1007A000A04E002470B51A4A0D46184C0021106066
:1007B000A17007F059FEA1780843A07007F0E8FE89
:1007C000A17840EA0100A0701DB1124800F070F855
:1007D0001AE01048DFED173A9FED174AC0ED083ACE
:1007E0009FED0D0ADFED0D0A9FED0D1ADFED0D1ADD
:1007F0009FED0D2ADFED0D2A9FED0D3A80ED064AA3
:1008000000F1240181EC070AA07870BDB800002433
:1008100000010024A04E0024F0A032BAB9F3AFBA10
:10082000B1EFBBBA0B6F993E2A98933D00000000D0
:100830007A841D410F187F3F0000204270B540F0C0
:10084000800014460D4600F017F806E0552000F031
:1008500013F8641E05F8010BE4B2002CF6D170BD4C
:1008600010B540F080000C4600F006F8552000F06E
:1008700003F8207010BD000001B582B04FF47A700B
:100880000123009001AA044802A9006803F038FA85
:100890009DF804000EBD00000001002410B50C46B8
:1008A000FFF7EAFF2046BDE81040FFF7E5BFFEE78F
:1008B0002DE9F04F044600202DED048B89B0009007
:1008C000019000F0C7FCFE4D0DF10809FD4E0DF141
:1008D000140A4FF07C5B85ED050ADFEDFB9A00BF43
:1008E00000F0B8FCD5ED050AF84930EE600A10EECC
:1008F000100A884214DDDFEDF60A9FEDF61A9FED2F
:10090000F60ADFEDF61A9FEDF62AC4ED090A84ED2A
:100910000A1A84ED0B0AC4ED0F1A84ED062A87E14A
:100920009FEDF00A00F04CFC9FEDEF0A002784EDEC
:100930000F0A84ED090A84ED0A0A84ED0B0AF9E036
:10094000FFF718FE9220FFF797FF06226946122054
:10095000FFF774FFFFF706FE9DF801009DF80010F9
:10096000D5ED030A000200B2084300EE100AB8EE0B
:10097000C00A20EE200A84ED000A9DF803009DF8CD
:100980000210D5ED031A000200B2084300EE900AEF
:1009900020EE000AF8EEE00A20EEA11A84ED011A1A
:1009A0009DF805009DF8041001EE010A000200B256
:1009B000084300EE900AF8EEE00A60EEA10AC4EDEA
:1009C000020A00EEA00A07F01EFAB0EE408A94ED8B
:1009D0000F0A30EE080A84ED0F0AFFF7DBFD08224C
:1009E00069460020FFF72AFFFFF7CCFD9DF80000C5
:1009F0000F2840D19DF803009DF80210D5ED040AA0
:100A0000000200B2084300EE100AB8EEC00A20EE61
:100A1000200A84ED030A94ED091A31EE000A84EDF0
:100A2000090A9DF805009DF80410000200B2084371
:100A300000EE100AB8EEC00A20EE200A84ED040A87
:100A400094ED0A1A31EE000A84ED0A0A9DF80700B7
:100A50009DF80610000200B2084300EE100AB8EE3E
:100A6000C00A20EE200A84ED050AD4ED0B0A30EE10
:100A7000800A84ED0B0A002F7ED0B4EEC98AF1EE15
:100A800010FA01DDB0EE489AB4EEE88AF1EE10FA01
:100A900001D2F0EE488A00204946524604EB800C11
:100AA00001EB80039CED030AD3ED000AB4EEE00AEB
:100AB000F1EE10FA01DD83ED000A02EB8003D3EDC5
:100AC000000AB4EEE00AF1EE10FA01D283ED000A5A
:100AD000401CC0B20328E1D379EE680A5FF0000041
:100AE0004A465346C5ED060A02EB800103EB800C33
:100AF00091ED001A9CED000A06EB8008411C31EED6
:100B0000400AC8B2032888ED000AEDD310EE900A1F
:100B1000584513DC7548316881420FDC71688142A9
:100B20000CDCB168814209DCB0EE690A00F048FBD8
:100B30007F1CBFB2E8888742FFF402AFE9885FF00C
:100B40000000D4ED0F0A00EE101A2F46B8EE400A4E
:100B500080EE801A84ED0F1A00EE101A04EB80026A
:100B6000401CB8EE400AD2ED090AC0B2032880EE5C
:100B7000801A82ED091A00E064E0EDD3FFF7FAFC79
:100B8000A220FFF779FE022269462220FFF756FED7
:100B9000FFF7E8FC9DF800109DF80100C90041EA4C
:100BA0005010B0F5806F01DBA0F5006000EE100A78
:100BB000B4EE001AF3EE070AB8EEC00A40EE010ADE
:100BC000C4ED060AB888401CB880B86958453FF79C
:100BD00087AE94ED0F0ADFED460A30EE600A08F0AA
:100BE000D1F910EE100A5845F1DC404831688142D5
:100BF000EDDC71688142EADCB1688142E7DC94EDAA
:100C0000090A08F0BFF910EE100A3A4FB842DEDCCC
:100C100094ED0A0A08F0B6F910EE100AB842D6DCD4
:100C200094ED0B0A08F0AEF910EE100AB842CEDCD3
:100C300094ED0F0ADFED300A002680EE801A84ED75
:100C4000081AA3E05FF00000C846B0EE489AF0EE44
:100C5000488A524604EB800302EB800C93ED030AB2
:100C600008EB8003411C83ED000AC8B203288CED19
:100C7000000AEFD330E700BFFFF77CFC9220FFF7BC
:100C8000FBFD062269461220FFF7D8FDFFF76AFC3C
:100C90009DF801009DF8001095ED032A000200B2B6
:100CA000084301EE100A94ED080ADFED141AB8EEBD
:100CB000C11ADFED130A21EE021A21EE001A21E01B
:100CC000B8000024944E00246F12033A0000204123
:100CD000F0A032BAB9F3AFBAB1EFBBBA7A841D4112
:100CE000000020420AD7A33B000000009A99193E59
:100CF000CDCC1C410AD7233CC3F51C41CDCC4C3F85
:100D0000CDCC4C3E84ED001A94ED0C2A22EE212A23
:100D100001EE202A84ED0C2A9DF803009DF80210B4
:100D200095ED032A000200B2084301EE100AB8EE66
:100D3000C11A21EE021A21EE001A84ED011AD4ED37
:100D40000D2A62EEA12A41EE202AC4ED0D2A9DF85B
:100D500005009DF80410000200B2084301EE100ADD
:100D6000B8EEC11A21EE021A21EE000A84ED020A41
:100D700094ED0E1A21EE211A00EE201AB0EE690A47
:100D800084ED0E1A00F01CFA761CB6B22889864251
:100D9000FFF472AF09B0BDEC048BBDE8F08F00002A
:100DA00070B5304805F080FE2F480022062109F07A
:100DB000E5F82D4800220821383009F0DFF82948ED
:100DC0000022012198380AF0F1FA294C9FED271AE8
:100DD000F5EE000A84ED001AB2EE060A04F10800EE
:100DE00000F074FCDFED230A22460021C4ED010A65
:100DF0009FED210AA2F1D80004F00EFDA4F14801F4
:100E0000A1F1480005F0B6F85FF00005A4F53874CC
:100E10001A48B4F8A820B4F8AC1008F08DF80120F6
:100E200009F02FFB6D1C0A2DF2DB0025B4F87020B1
:100E3000B4F87410114808F07FF8012009F021FB84
:100E40006D1C0A2DF2DB0025B4F81C21B4F8241126
:100E50000A4808F071F8012009F013FB6D1C0A2DF7
:100E6000F2DB70BD1C540024D85200240000E14382
:100E700048550024000000000000B442B4030024E0
:100E80002DED028B03F024FD464DE86003E00120C8
:100E900009F0F7FAE86890F864000028F7D0FFF747
:100EA0007FFF414E96ED110A04F022FA9FED3F8A32
:100EB0000127A6F5DA743C49A1F5DA7007F04CFE7B
:100EC00007F01EFC94ED480A85ED040A94F8AC0185
:100ED000012838D00028EED1B4F8AC103448B0EE78
:100EE000482AF0EE481AB0EE481AF0EE480AB0EE82
:100EF000480A09F0E9F9384609F0C3FAB4F8741061
:100F00002B48B0EE482AF0EE481AB0EE481AF0EE40
:100F1000480AB0EE480A09F0D7F9384609F0B1FAA4
:100F2000B4F82411B0EE482A2148F0EE481AB0EE89
:100F3000481AF0EE480AB0EE480A09F027FA384697
:100F400009F09FFAB7E796ED0C0AB4F8AC10184810
:100F5000B1EE402AF0EE481AB0EE481AF0EE480A18
:100F6000B0EE480A09F0B0F9384609F08AFA96ED71
:100F70000B0AB4F874100E48B1EE402AF0EE481A8D
:100F8000B0EE481AF0EE480AB0EE480A09F09CF9B3
:100F9000384609F076FA94ED480AB4F82411B1EE17
:100FA000402AC1E70C0200241C5400240000000069
:100FB000B403002470B52B4805F076FD2A480022C2
:100FC000062108F0DBFF284800220821383008F00D
:100FD000D5FF254800220121E0300AF0E7F9214C35
:100FE0009FED221A9C34F5EE000A84ED001AB2EE51
:100FF000060A04F1080000F069FBDFED1D0A224635
:101000000021C4ED010A9FED1B0AA2F1480004F083
:1010100003FC154C00251848228FA18F07F08CFF88
:10102000012009F02EFA6D1C0A2DF4DB0025228820
:10103000A188114807F080FF012009F022FA6D1CF9
:101040000A2DF4DB5FF00005B4F8E020B4F8E810F6
:10105000094807F071FF012009F013FA6D1C0A2DF1
:10106000F2DB70BD84550024685200240000E14387
:10107000000000000000B442140300242DED028B98
:1010800003F026FC404D686003E0012009F0F9F907
:10109000686890F864000028F7D0FFF78BFF3B4E9C
:1010A00096ED110A04F03CF9394C01279FED398A7D
:1010B0003649374807F090FE07F08EFD94ED390A67
:1010C00085ED020A94F8AC01012836D00028EFD152
:1010D000A18F3148B0EE482AF0EE481AB0EE481A17
:1010E000F0EE480AB0EE480A09F0EEF8384609F08A
:1010F000C8F9A1882848B0EE482AF0EE481AB0EEA8
:10110000481AF0EE480AB0EE480A09F0DDF8384611
:1011100009F0B7F9B4F8E810B0EE482A1E48F0EE2E
:10112000481AB0EE481AF0EE480AB0EE480A09F044
:101130002DF9384609F0A5F9BAE7A18F164896EDC2
:101140000C2AF0EE481AB0EE481AF0EE480AB0EE5B
:10115000480A09F0B9F8384609F093F9A1880E4811
:1011600096ED0B2AF0EE481AB0EE481AF0EE480A57
:10117000B0EE480A09F0A8F8384609F082F9B4F848
:10118000E81094ED392AC9E7E002002484550024D0
:10119000685200240000000014030024064908B52A
:1011A0000648496800910269914202D2C168491C0F
:1011B000C1600099016108BD001000E058010024E1
:1011C0000A4841680A4AD2ED000A4268B8EE601A3D
:1011D000521A60EE011A01EE102AB8EE411AB4EE6E
:1011E000E11AF1EE10FAF0D370470000001000E0B1
:1011F00058010024054A0449926850434A684B68E4
:101200009B1A8342FBD37047001000E05801002472
:1012100000B50E492DED028B81B049680C4A009152
:101220000168D2ED000A009A0260511A00EE101A0D
:10123000F8EE600AB8EE400A80EE208AFFF7AEFFB3
:1012400001B0B0EE480ABDEC028B00BD001000E01A
:101250005801002410B500F043F80C48DFED0C1ADB
:1012600090ED000A8188C08800EE901AB8EE400A1E
:1012700001EE100AB8EE602ADFED060AB8EE411A58
:1012800002EE210A01EE200A10BD000088010024B0
:101290006F12833ABD3786350D49002370B50D4A6C
:1012A0000C6850430C4A44F080740C605360116821
:1012B0004FF47A74074DB0FBF4F4B0FBF5F541F050
:1012C000010606491660CB6081E8310070BD000060
:1012D000FCED00E040420F00001000E05801002447
:1012E00024482DE9F84340680090FFF757FF224D4E
:1012F0000024621E00982146EB68E3FB02012346AE
:1013000006460F46C5E90E01D5F800804246FFF7B4
:101310005FF8C5E90601434602468C463046394629
:10132000A2FB03670CFB037302FB0433801B61EB1E
:101330000301064605F130080F460023C5E9080100
:10134000C8F80020D5F804904A46FFF741F880B26B
:10135000A8F80400002300FB09F2B01A67EB0401AF
:10136000C5E90A01AA68FFF733F8A8F80600BDE846
:10137000F8830000001000E05801002470470000CE
:101380000248016800208863704700002805002497
:1013900072B6FEE7054805490839026842F00202C4
:1013A000026008688004FCD5704700000C480258B1
:1013B00010B58AB00024022001210194CDE9041463
:1013C000CDE90240114801A9069400F0DBFA08B10A
:1013D000FFF7DEFF02220D4800231146009400F0C3
:1013E00010FB08B1FFF7D4FF08480022012100F0EC
:1013F00051FA08B1FFF7CCFF044800F081FF002844
:1014000001D0FFF7C5FF0AB010BD0000140300248F
:10141000014800F0E3BB00001403002410B58AB0BB
:101420000024022001210194CDE90404CDE9021039
:10143000114801A9069400F0A5FA08B1FFF7A8FF2A
:1014400002220D4800231146009400F0DAFA08B198
:10145000FFF79EFF08480022102100F01BFA08B198
:10146000FFF796FF044800F04BFF002801D0FFF77C
:101470008FFF0AB010BD0000B4030024014800F043
:10148000ADBB0000B4030024F0B503684FF6FC7157
:101490006D4C426BD3F884508D4345EA8205C3F806
:1014A0008450036853F8845F068F25F47F0545EA6E
:1014B00006451D60836B654D9F180268D2F8883021
:1014C0008B4343EA8703C2F88830026852F8883FAA
:1014D000868F23F4FE0343EA06431360066856F83A
:1014E000A03FC26B8B4307EB420243EA82033360A7
:1014F000076857F8A03FB0F8406023F4FE0343EAC2
:1015000006433B60D0E9103603FB06220368D3F89C
:10151000B0608E4346EA8206C3F8B0600368B0F854
:101520004860D3F8B07027F4FE0747EA0646C3F8D0
:10153000B060D0E91267036806FB0722D3F8AC60FD
:101540008E4346EA8206C3F8AC60D0E914670368AC
:1015500006FB0722D3F8F0608E4346EA8206C3F802
:10156000F0600368B0F85860D3F8F07027F47C1787
:1015700047EA0646C3F8F0600368876D53F8C06F0A
:1015800002EB47028E4346EA820119600168B0F817
:101590005C20D1F8C03023F47C1343EA0242C1F846
:1015A000C020016890F86020D1F8C03023F07C534F
:1015B00043EA0262C1F8C020416B04EB8101C166BD
:1015C000826B01EB82020267C36B02EBC3024267CC
:1015D000D0E91034634302EB83028267D0E912340E
:1015E000634302EB8302C267D0E91434634302EB26
:1015F0008302C0F88020836D02EBC303C0F88430FF
:10160000C46D826E544303EB8403C0F88830046ECB
:10161000544303EB8402C0F89020AA420AD9D0F8C0
:101620009C20032142F02002C0F89C2080F89810F2
:101630000120F0BD002200E004C1D0F890308B42C0
:10164000FAD80020F0BD000000AC0040FCD3004000
:10165000F0B58E680C69D1E9005744EA0604DFB1A1
:1016600045F080452C43866ED1E906C54F695E433F
:1016700091F8203045EA0C05B1F80CC0D0F884E0B0
:10168000002047EA0363104F1D430EEB860345EA33
:101690000C45E3E8024511E044EA8544E3E7141809
:1016A000155CA67894F803C094F801E0360445EA86
:1016B0000C6446EA0E252C43001D10C3CC683C5D2B
:1016C0008442ECD8F0BD0000ECBD000810B5DFEDA1
:1016D0000C1A04462DED028BB0EE608AC0EE210A92
:1016E00021EE200A06F08FFBF0EE000A68EE200AD9
:1016F00020EE200A84ED000ABDEC028B10BD000034
:10170000C3F51C4110B5B6B0244924226846FEF743
:101710009FFE234800216A4608F03DFF214C242209
:101720001E492431206009A8FEF792FE1E480021C0
:1017300009AA08F030FF19492422606012A8483134
:10174000FEF786FE1948002112AA08F024FF13496B
:101750002422A0601BA86C31FEF77AFE14480021F9
:101760001BAA08F018FF0D492422E06024A890313C
:10177000FEF76EFE0F48002124AA08F00CFF07496F
:10178000242220612DA8B431FEF762FE0A48002110
:101790002DAA08F000FF606136B010BD14BD00082E
:1017A0000D4900080400002439620008595300085C
:1017B000D9560008015B0008EB470008A8B3A1B3A5
:1017C0009FED282AB5EEC00A80ED002AF1EE10FA4E
:1017D00081ED002A29D9F5EEC00AF1EE10FA24D3E2
:1017E000B5EEC01AF1EE10FA1FD9F5EEC01AF1EEFF
:1017F00010FA1AD921EE011A61EEA11A9FED1A3AD8
:10180000F6EE042A21EE032A61EE223A21EE831A33
:1018100061EEA21A32EE232A31EE211A72EE011A7B
:10182000F5EEC01AF1EE10FA01D80020704722EE52
:10183000013ADFED0E2AB0EE002A83EE211A60EEA7
:10184000820A20EE220A60EE810A21EE001A21EEC1
:10185000001A20EE800A80ED001A012081ED000AB6
:101860007047000000000000CECC4C3DDB0FC940AB
:1018700070B5044600F084FE0546601C02D00448A2
:101880000078044400F07CFE401BA042FAD370BDF7
:101890002400002410B590F89830012B09D0022BB9
:1018A00007D0D0F89C1041F00201C0F89C10012034
:1018B00010BD03689C6D0C4203D1DC6D44F0010443
:1018C00004E09C6D31EA04041FD00324DC658B0521
:1018D00005D50368D3F8E0401443C3F8E0404B0556
:1018E00005D50368D3F8E4401443C3F8E440006826
:1018F000084A01EA0203446D074A1C434465106824
:1019000040EA91701060002010BDDC6D44F00204CC
:10191000DCE70000FFFFCF3F14A8004070B504468D
:1019200090F89800022804D0D4F89C0040F00800F9
:101930000DE02068D0F8C03013F07C5F0BD0D0F8F9
:10194000C4309B020CD5D4F89C0040F40070C4F85D
:101950009C00012070BDD4F89C0040F02000F6E708
:10196000D0F8C400C0F3044520462B46FFF770FEB4
:1019700021680120A840C1F8D000C4F894000020DC
:1019800070BD704770B590F89820012A09D0022ADE
:1019900007D0D0F89C1041F00201C0F89C10012043
:1019A00070BD0B68CA6883B10B69072A43EA4273AA
:1019B00025D00C7A4A6942EA84724968006F00EBCC
:1019C000C100C0E90032002070BD072A0DD00C7A9A
:1019D000D6060D8A4B6943EA847246EA0543C06E17
:1019E00049681A4340F82120EDE70B8A4FF0605513
:1019F000D1E9062442EA034245EA0423EFE78A6973
:101A0000DBE730B590F89850039C012D07D0D0F853
:101A10009C1041F00401C0F89C10012030BD0D0164
:101A2000016845EA820040EA43002043C1F8800093
:101A3000002030BD70477047F0B590F898500024F2
:101A4000022D04D0D0F89C1041F0080130E040296C
:101A500005D0412930D0056D8D4220D94DE0056873
:101A6000D5F8A04014F4FE0F19D0D5F8A4406406B0
:101A70001AD0D5F8A440D5F8A460C4F30524F60123
:101A80000AD5D5F8A06016F0004F05D5D5F8A050BE
:101A9000641CC5F306452C40466F456C2BE0D0F81E
:101AA0009C1041F0200103E0D0F89C1041F48071BB
:101AB000C0F89C100120F0BD0568D5F8B04014F4C2
:101AC000FE0FECD0D5F8B4406406EDD0D5F8B440A4
:101AD000D5F8B460C4F30524F6010AD5D5F8B06092
:101AE00016F0004F05D5D5F8B050641CC5F3064577
:101AF0002C40866FC56C654302E0456DC66F4D4353
:101B000006EB85052E6816F0804656602E6836D0A6
:101B100026F060461660D5F800C000262D4F0CF068
:101B2000005CC2F808C0D5F800C00CF0004CC2F848
:101B300010C0B5F804C01FFA8CFCC2F81CC0D5F860
:101B400004C0CCF3034CC2F80CC0D5F804C00CF4AC
:101B5000801CC2F814C0D5F804C00CF4001CC2F8F4
:101B600018C0D5F804C0CCF3066CC2F820C0D5F874
:101B700004C008354FEADC7CC2F824C007E0C6F395
:101B80008A46C7E715F806C003F806C0761CD2F8E7
:101B90000CC017F80CC0B445F4D840290AD041292C
:101BA0000CD020294FF001020CD200688A40C0F806
:101BB00098200DE00068C0F8A84009E00068C0F86F
:101BC000B84005E0006801F01F018A40C0F89C2081
:101BD0000020F0BDECBD0008704700002DE9FF5F5C
:101BE000DFF80CB304460BF10401DBF800002568B4
:101BF0000F68AA468007D5F85090696DD5F85080D7
:101C00006E6D2A6DD5F854C02B6D00EA8770009078
:101C100009F470496F6D286D01EA09010191DAF844
:101C20005410DAF85490DAF8505008F00F0806EA29
:101C30000806029602F0F00203F071536FEA0906FB
:101C40001F4000F060700CEA020CCDF80CC0F205E9
:101C500001EA00090CD4E843C00509D400214FF47F
:101C60008073CAF85030CBF800102046FFF7B4FF5D
:101C7000700512D4E84340050FD4206800234FF4C8
:101C80008068D0F8DC20D0F8E410C0F85080CBF8A1
:101C900000301140204600F052FBDFF858A20098B7
:101CA00050B12268830F00EA0A001065CBF80030BB
:101CB00020460099FFF765FE019850B12268830F16
:101CC00000EA0A001065CBF800302046019900F0C8
:101CD00038FB029850B12268830F00EA0A001065B1
:101CE000CBF800302046029900F09EFA039850B1DC
:101CF0002268830F00EA0A001065CBF80030204606
:101D0000039900F0C7FA30050CD4E843000509D464
:101D1000236800204FF400621A65CBF800002046CB
:101D200000F010FBB00512D4E84380050FD4206802
:101D300000234FF40078D0F8D820D0F8E010C0F895
:101D40005080CBF800301140204600F0F9FA300303
:101D50000CD4E843000309D4236800204FF4002288
:101D60001A65CBF80000204600F05CFAF0030CD4B2
:101D7000E843C00309D4236800204FF480321A6579
:101D8000CBF80000204600F0D9FA70030CD4E843E9
:101D9000400309D4226800204FF480231365CBF858
:101DA0000000204600F0C9FAB0030FD4E8438003D6
:101DB0000CD4236800204FF400321A65CBF80000E1
:101DC000D4F89C0040F08000C4F89C00B9F1000FEA
:101DD0000BD022684FEA997309EA0A001065CBF824
:101DE000003049462046FFF726FE5FB12268BB0F50
:101DF00007EA0A001065CBF80030D4F89C0038439D
:101E0000C4F89C003C492068884268D160688146DB
:101E10008068800763D0D9F82060D9F82410D9F8F9
:101E20002080D9F82400D9F820C0D9F82470D9F836
:101E30002030D9F82450D9F8202003F4FC4306F0D0
:101E40000F0AD9F824601D40D9F824B008F03008F2
:101E50000CF4C07C02F4F02211EA0A0100EA08083E
:101E600007EA0C0706EA0206D9F820A004D0C9F850
:101E70002010204600F05EFAB8F1000005D061683D
:101E800008624146204600F057FA6FEA0B00400610
:101E90000ED46FEA0A0040060AD460684021C36B82
:101EA000C26B01622046190C02F03F0200F043FAB7
:101EB0002FB1606807623946204600F03AFA35B122
:101EC00060680562D4F89C002843C4F89C0036B1D1
:101ED00060680662D4F89C003043C4F89C00D4F8D3
:101EE0009C00002802D02046FFF7A4FDBDE8FF9F1C
:101EF00010A80040FFFFCF3F00A000402DE9F041B7
:101F000094B08D494C2204466846FEF7A1FA64B1AC
:101F10008A4D2068A84202D100F58070606094F874
:101F200098004FF0000820B108E0012014B0BDE88F
:101F3000F081204684F8998000F002F920688169D8
:101F400021F01001816100F01BFB0327064604E02D
:101F500000F016FB801B0A2811D820688069000752
:101F6000F6D42068816941F00101816100F008FB2D
:101F700006460DE000F004FB801B0A2808D9D4F8BF
:101F80009C0040F00100C4F89C0084F89870CCE7F5
:101F900020688069C007EDD02068816941F00201A6
:101FA0008161207C01282068816937D041F040019F
:101FB0008161607C01282068816932D021F48041F0
:101FC0008161A07C0128206881692DD041F4805175
:101FD00081612068A268816921F4407111438161A7
:101FE0002068816921F0A40181612068016921F0E4
:101FF00010010161E068012819D010B302281BD03C
:102000002068816941F0800181612068016941F0A7
:1020100010010161E06803280ED012E021F04001B8
:10202000C6E741F48041CBE721F48051D0E7206836
:10203000816941F0040103E02068816941F02001D9
:102040008161207E6FF0FF02D4E90773A68A110236
:10205000400602EB0727A0F10070384327685B1E9B
:10206000184301EB06463043F861A068B0F5407FA5
:1020700011D104F12800A68C6FF00F0C89C801EB78
:102080000641401E02EB0322104322680CEB0713AB
:1020900018430843D060206E30B12068626ED0F8DB
:1020A000C0101143C0F8C010D4E917126846D142DD
:1020B00009D02168A36E51F8C82F50F8233022F0C0
:1020C00007021A430A60216C49B12168626C51F819
:1020D000BC3F50F8226023F0070232430A60A16C33
:1020E00051B12168E36C51F8BC2F50F8233022F035
:1020F000700242EA03120A60216D51B12168626DDB
:1021000051F8BC3F50F8220023F4E06242EA00207C
:1021100008602068A84204D16068816821F003014A
:102120008160C4F894800121C4F89C8084F89810E0
:102130002046FFF7A9F9F9E6FCBD000800A0004021
:10214000F0B587B0044614216846FEF79AF9304A84
:102150000021276802252D4C0926DFF8B8C0106839
:102160000C3C2A4B674500F1010023D10128106087
:1021700007D1186840F480701860186800F4807007
:102180000590206840F008002060206800F00800FA
:10219000059003200090CDE90151CDE903161E48BA
:1021A000694600F0D1F800220521132000F0D8FA8A
:1021B000132026E0DFF864C0674524D101281060B1
:1021C00007D1186840F480701860186800F48070B7
:1021D0000590206840F002002060206800F00200B6
:1021E000059060200090CDE90151CDE903160C481F
:1021F000694600F0A9F800220521142000F0B0FA89
:10220000142000F09FFA07B0F0BD0000EC44025823
:102210002000002400A00040000C025800A4004050
:10222000000402587047000010B50446C8072AD0C1
:1022300015492068884226D114484021FEF721F92B
:10224000124B40212046A3F12802FFF7F5FB0F486F
:102250002838016879B1032908D0042913D1C2684C
:102260000A490B48BDE8104006F0CEBDC2680848D8
:1022700006493838F6E7C2680548BDE8104003490A
:10228000A83006F00BBE10BD00A000404C4F00244B
:10229000A052002410B50446C8062AD51549206866
:1022A000884226D114484021FEF7EBF8124B412119
:1022B0002046A3F12802FFF7BFFB0F48283801682A
:1022C00079B1032908D0042913D1C2680A490B48FF
:1022D000BDE8104006F098BDC26808480649383885
:1022E000F6E7C2680548BDE810400349743006F0BF
:1022F000D5BD10BD00A40040B44F002410530024ED
:1023000090F89810012907D0D0F89C1041F00401F2
:10231000C0F89C1001207047022180F8981000221C
:1023200001688B6923F001038B61C0F89C20104683
:1023300070477047704770477047704770477047E5
:1023400070477047704700002DE9F84F03247C4D1B
:1023500000234FF001094FF0B04B4FF00F0AE7E0B8
:1023600009FA03F632407BD00F7907F00307012FFB
:1023700001D0022F1AD187684FEA430ED1F80CC062
:1023800004FA0EF827EA08070CFA0EFC4CEA070CD0
:10239000C0F808C0476891F804C0B743CCF3001CEC
:1023A0000CFA03FC4CEA070CC0F804C00E79F643A3
:1023B000B60702D18E68012E0BD0C7684FEA4308DA
:1023C0008E6804FA08FC27EA0C0706FA08F63E4372
:1023D000C6600E7906F00306022E12D1DE080F69E0
:1023E0004FEA437C00EB8606B646366A4FEADC6C61
:1023F0000AFA0CF807FA0CF726EA08063743CEF873
:1024000020700F7906684FEA430807F0030704FAC3
:1024100008FC07FA08F726EA0C06374307604E68FF
:1024200016F4403F1CD0474E376847F0020737602C
:1024300036689F0706F00206009623F0030606F1B1
:10244000B046B6463F0FD6F80864DFF8FC800AFABB
:1024500007FC404526EA0C0603D14FF0000C3AE099
:1024600065E0DFF8E8C0604502D14FF0010C32E0D2
:10247000DFF8DCC0604502D14FF0020C2BE0DFF842
:10248000D4C0604502D14FF0030C24E0DFF8C8C08F
:10249000604502D14FF0040C1DE0DFF8C0C060457C
:1024A00002D14FF0050C16E0DFF8B4C0604502D150
:1024B0004FF0060C0FE0DFF8ACC0604502D14FF0E2
:1024C000070C08E0DFF8A0C0604502D14FF0090C0E
:1024D00001E04FF00A0C0CFA07FC4CEA060CCEF8AF
:1024E00008C44F68DBF80060FF0226EA020600D548
:1024F00016435F46CBF80060D1F804C0DBF80460F7
:102500005FEA8C2C26EA020600D516437E606E68D0
:102510004F6826EA0206BF0300D516436E602E6898
:102520004F6826EA0206FF0300D516432E605B1CA7
:102530000A6832FA03F67FF413AFBDE8F88F0000A3
:1025400080000058F4440258000002580004025869
:1025500000080258000C02580010025800140258DB
:1025600000180258001C0258002402580069084054
:1025700000D0012070470AB1816170470904FBE770
:1025800001488068704700002400002402488168E8
:10259000027811448160704724000024032010B5A4
:1025A00000F0FEF800F066FF0F4A10491468136847
:1025B000C4F3032203F00F038A5CC95C02F01F021C
:1025C00001F01F01D0400A4A20FA01F111600949C7
:1025D00008600F2000F010F808B1012010BD00F0D5
:1025E0009FF8002010BD00001844025848BE0008A3
:1025F000340000243000002410B5102804468AB0AE
:102600002DD2002201461C2000F0AAF81C2000F068
:1026100099F8184804601848016841F00101016008
:10262000006809A900F001000890684600F0C0FEAB
:102630000598B8B100F00CFF40001049002240F2AC
:10264000E733B0FBF1F10E484FF080440460C0E97D
:102650000332491EC0E9011201F05EFD28B10120DC
:102660000AB010BD00F0F4FEE7E7054801F086FD72
:10267000F6E7000028000024E844025840420F001A
:1026800074050024154BF0B5083B427813491A60D5
:102690000B680A1F23F001030B6043681360057B7E
:1026A000C67A827A437B2D07847B45EA0665C77B21
:1026B00090F809C0067A90F800E045EAC24040EA86
:1026C000834040EA444040EA074040EA0C2040EAA8
:1026D000460040EA0E000860F0BD0000A0ED00E0FA
:1026E000BFF35F8F044800210368034A23F480335B
:1026F000036070321160704724ED00E0074A40F03B
:102700000100064970321060086840F480300860AB
:10271000BFF34F8FBFF36F8F7047000024ED00E0D1
:10272000074882B0016841F00201016000680022A0
:102730000F2100F002000090901E02B000F010B8CF
:10274000F4440258002809DB410900F01F02890007
:10275000012001F1E0219040C1F800017047000024
:102760000E4BF0B41B680D46C3F30223C3F10706FA
:10277000042E00D90426191D072901D2002300E0E8
:10278000DB1E012404FA06F19C40491E2940641E08
:10279000994014402143F0BC04F099BA0CED00E0DC
:1027A000064900F0070210B54FF6FF040868044B15
:1027B000204040EA02201843086010BD0CED00E004
:1027C0000000FA05134970B50A68D243520705D5CF
:1027D000096801F00701814213D118E00A6822F06C
:1027E000070202430A60FFF7CBFE0A4D4FF47A76E8
:1027F0000446083D07E000BFFFF7C2FE001BB042E1
:1028000001D9012070BD2868C0438004F4D40020A1
:1028100070BD00000C4802582DE9FE4F0546DFF858
:1028200000A450F8081B0024FD4FC943019005F196
:10283000280026460AF1240A009008011DD4686E7B
:1028400050B1B0F5801F0CD0B0F5001F0ED0B0F520
:10285000401F1ED001240FE0386840F4003038607B
:1028600017E00198022103F0C7FB03E00098022162
:1028700003F052FC04000CD026462888C043C00553
:1028800023D4A86D05281ED2DFE800F00C11161B1A
:102890001B006A6EDAF8001021F440111143CAF8E7
:1028A0000010EAE7386840F40030386009E0019829
:1028B000002103F0A1FB03E00098002103F02CFCB1
:1028C0000446C4B100E0012426462888DFF850837E
:1028D000C04308F12C0840052FD4D5F8A400B0F56A
:1028E000C00F28D010DCB8B1B0F5001F19D0B0F57A
:1028F000800F0FD11AE0AA6DDAF8001021F007015D
:102900001143CAF80010E0E7B0F5000F13D0B0F59E
:10291000200F10D001240FE0386840F400303860F8
:1029200009E00198002103F067FB03E00098002113
:1029300003F0F2FB044694B126462888C043000504
:1029400030D4D5F8A800B0F1407F29D011DCC0B157
:10295000B0F1807F1AD0B0F1007F10D11BE0D5F824
:10296000A420D8F8001021F460011143C8F8001029
:10297000E3E7B0F1806F13D0B0F1A06F10D0012465
:102980000FE0386840F40030386009E00198002119
:1029900003F032FB03E00098002103F0BDFB044686
:1029A00094B126462868DFF878B2C0430BF1200BBB
:1029B00080011FD4E86CD8B110280FD0202812D085
:1029C000302815D0012414E0D5F8A820D8F800103C
:1029D00021F0E0611143C8F80010E3E7386840F4E3
:1029E0000030386004E00198022103F005FB044642
:1029F00074B126462888C043C0042BD4E86DB0F5D6
:102A0000005F20D00DDCA0B1B0F5805F0FD115E0E4
:102A1000EA6CDBF8001021F030011143CBF8001014
:102A2000E8E7B0F5405F13D0B0F5804F10D0012437
:102A30000FE0386840F40030386009E00198002168
:102A400003F0DAFA03E00098002103F065FB044686
:102A50008CB126462888C043800429D4286EB0F55E
:102A6000403F23D010DC08B3B0F5803F14D0B0F560
:102A7000003F0FD115E0EA6DDAF8001021F4E041D3
:102A80001143CAF80010E5E7B0F5802F0ED0B0F57D
:102A9000A02F0BD001240AE00198012103F0ACFA29
:102AA00003E00098012103F037FB044694B1264669
:102AB0002888C04340042AD4D5F8AC00B0F1405F68
:102AC00023D010DC08B3B0F1805F14D0B0F1005F08
:102AD0000FD115E02A6EDAF8001021F4E02111433D
:102AE000CAF80010E4E7B0F1804F0ED0B0F1A04F6B
:102AF0000BD001240AE00198012103F07DFA03E0E4
:102B00000098012103F008FB044674B1264628888A
:102B1000C04300041FD4E86ED8B1B0F1805F0ED07E
:102B2000B0F1005F10D0012414E0D5F8AC20D8F843
:102B3000001021F0E0411143C8F80010E7E73868C1
:102B400040F40030386004E00198012103F054FAA9
:102B5000044674B126462868C043C0011ED4A86C40
:102B6000D0B101280ED0022811D0032814D001249E
:102B700013E0EA6EDAF8001021F040511143CAF870
:102B80000010E8E7386840F40030386004E001984D
:102B9000022103F031FA04466CB126462868C0438E
:102BA000400255D41F48016841F480710160FFF76D
:102BB000E7FC81460EE0AA6CDBF8001021F003016F
:102BC0001143CBF80010E9E7FFF7DAFCA0EB0900AE
:102BD00064283BD813480068C005F5D5BCBBDFF8B6
:102BE0004090B5F8B01009F14409D9F8000001F49B
:102BF000407100F44070884211D0D9F80010D9F823
:102C0000002021F4407142F48032C9F80020D9F844
:102C1000002022F48032C9F80020C9F8001003E037
:102C20002C44025800480258D5F8B000B0F5807F17
:102C300019D1FFF7A5FC029011E000BFFFF7A0FC3F
:102C40000299411A41F28830814208D9032426466C
:102C50002878DFF81494C043C00721D03CE0D9F8AD
:102C600000008007EAD5D5F8B010C1F30120032891
:102C7000FE480DD0016821F47C510160B5F8B02008
:102C8000D9F80010C2F30B021143C9F80010DFE7B6
:102C9000F74A036802EA111223F47C511143ECE76E
:102CA000A86F182816D005DCA0B1082808D0102875
:102CB00004D10AE020280DD028280BD001240AE0F6
:102CC0000198012103F098F903E00098012103F035
:102CD00023FA044664B126462878C04380071ED4F0
:102CE000686F062819D2DFE800F0160C11161616C8
:102CF000AA6FD9F8001021F038011143C9F800106B
:102D0000EAE70198012103F077F903E00098012137
:102D100003F002FA04467CB100E00124264628783C
:102D2000C04340071FD4D5F89000062819D2DFE829
:102D300000F0160C111616166A6FD9F8001021F063
:102D400007011143C9F80010E9E70198012103F0D8
:102D500053F903E00098012103F0DEF90446A4B121
:102D600000E0012426462878C04380062BD4D5F8FD
:102D70008C00B0F1405F24D011DC10B3B0F1805F63
:102D800015D0B0F1005F10D116E0D5F89020D8F83A
:102D9000001021F007011143C8F80010E3E7B0F17B
:102DA000804F0ED0B0F1A04F0BD001240AE0019863
:102DB000002103F021F903E00098022103F0ACF9AF
:102DC000044694B126462878C04340062BD4D5F853
:102DD0009800B0F5406F24D011DC10B3B0F5806FCF
:102DE00015D0B0F5006F10D116E0D5F88C20D9F8C9
:102DF000001021F0E0411143C9F80010E3E7B0F5FD
:102E0000805F0ED0B0F5A05F0BD001240AE00198DE
:102E1000002103F0F1F803E00098022103F07CF9AF
:102E2000044694B126462878C04300062BD4D5F832
:102E30009C00B0F5C04F24D011DC10B3B0F5005F9A
:102E400015D0B0F5804F10D116E0D5F89820D8F8FD
:102E5000001021F4E0511143C8F80010E3E7B0F589
:102E6000004F0ED0B0F5204F0BD001240AE001989E
:102E7000002103F0C1F803E00098022103F04CF9AF
:102E8000044654B126462878C04300071ED4D5F81E
:102E90008000B0F5805F0AD00FE0D5F89C20D8F80C
:102EA000001021F460411143C8F80010EBE70098CE
:102EB000022103F031F900B10126D5F88020D9F8BC
:102EC000001021F440511143C9F800102878C04384
:102ED000C00613D4D5F89400B0F5807F05D10098D2
:102EE000022103F019F900B10126D5F89420D8F891
:102EF000001021F440711143C8F800102868C04345
:102F0000000316D4D5F8A00038B1B0F5803F09D041
:102F1000B0F5003F0BD001240AE00198002103F036
:102F20006BF803E00098022103F0F6F804468CB138
:102F300026462868C043400322D4D5F88400B0F563
:102F4000801F11D0B0F5001F13D0B0F5401F15D071
:102F5000012414E0D5F8A020D8F8001021F4403165
:102F60001143C8F80010E4E7386840F400303860D6
:102F700004E00098012103F0CFF804465CB1264636
:102F80002868C043C0031CD4286D70B1B0F5803FE1
:102F900010D0012414E0D5F88420D9F8001021F4D1
:102FA00040111143C9F80010EAE7386840F40030D6
:102FB000386004E00198022103F01EF80446DCB1F9
:102FC00026462868C043800005D40098022103F0FB
:102FD000A3F800B101262868C04380031BD4E86F22
:102FE000B8B1B0F5807F10D0B0F5007F11D0B0F54A
:102FF000407F0ED001240DE02A6DDBF8001021F493
:1030000080311143CBF80010DBE7386840F4003022
:1030100038607CB326462868C043C00207D42A6FB4
:10302000DAF8001021F000411143CAF800102868B6
:10303000C043800207D4AA6EDAF8001021F0807134
:103040001143CAF800102868C043400009D407485B
:10305000016821F4004101600168D5F8B4201143F2
:1030600001602868C04306E05444025810440258E6
:10307000CFFFFF001DE007D46A6DDBF8001021F0E0
:1030800040511143CBF800102868C043000208D417
:10309000D5F88820D9F8001021F440011143C9F86F
:1030A000001028790024C04300F00100204309D01B
:1030B0000EE0EA6FD9F8001021F440711143C9F80D
:1030C0000010A8E70198002102F096FF00B1064623
:1030D0002879C04300F00200204305D10198012166
:1030E00002F08AFF00B106462879C04300F00400D0
:1030F000204305D10198022102F07EFF00B106466F
:103100002879C04300F00800204305D10098002131
:1031100003F002F800B106462879C04300F0100021
:10312000204305D10098012102F0F6FF00B10646C8
:103130002879C04300F02000044304D10098022104
:1031400002F0EAFF00B916B10120BDE8FE8F0020B1
:10315000FBE700002DE9F05F04000F467ED0DFF8AA
:103160003882D8F8000000F00F00B8420CD2D8F82E
:10317000001021F00F013943C8F80010D8F8000002
:1031800000F00F00B84269D12078844D40070AD57D
:103190002069296801F07001884204D9296821F06A
:1031A00070010143296020787C4E361D00070AD546
:1031B0006069316801F07001884204D9316821F0FA
:1031C0007001014331602078C0060AD5A0693168DA
:1031D00001F4E061884204D9316821F4E0610143DF
:1031E00031602078DFF8B4B180060BF1080B0CD504
:1031F000E1695846DBF8002002F07002914204D9E0
:10320000026822F070020A430260207880070AD523
:10321000E068296801F00F01884204D9296821F08B
:103220000F01014329602078C0073ED05B49A268A6
:103230002868183920F470601043286060680228FC
:1032400018D0032819D00968012819D04907002986
:103250004ADADFF848A1AAF1080A00E044E0DAF807
:10326000002022F007020243CAF80020FFF788F985
:10327000814612E009688903E9E709688901E6E700
:10328000C905E4E7FFF77CF9A0EB090141F28830BA
:10329000814202D90320BDE8F09F6168DAF800009E
:1032A00000F03800B0EBC10FECD1207880070AD5D0
:1032B000E068296801F00F01884204D2296821F0F2
:1032C0000F0101432960D8F80010404601F00F01BA
:1032D000B9420BD9016821F00F0139430160006840
:1032E00000F00F00B84201D00120D4E72078400759
:1032F0000AD52069296801F07001884204D2296842
:1033000021F0700101432960207800070AD5606927
:10331000316801F07001884204D2316821F07001F7
:10332000014331602078C0060AD5A069316801F4F4
:10333000E061884204D2316821F4E06101433160E8
:10334000207880060CD5E1695846DBF8002002F0B1
:103350007002914204D2026822F070020A430260B5
:1033600000F088F80E492A682B68C2F3032203F0A4
:103370000F038A5CC95C02F01F0201F01F01D040FC
:10338000084A20FA01F111600749086007480068FF
:10339000BDE8F05FFFF730B9002000521844025832
:1033A00048BE000834000024300000242800002417
:1033B00070B5144C3F220260124A24680832131D73
:1033C000114D04F00704446016681C1D06F4706675
:1033D0008660166806F00F06C660126802F070027A
:1033E00002611A6802F0700242611A6802F4E06237
:1033F0008261226802F07002C261286800F00F004A
:10340000086070BD104402580020005230B500F032
:1034100031F80B4A0B490C4B15681468C5F30322AD
:1034200004F00F048A5C095D02F01F0201F01F0125
:10343000D040064A20FA01F119601060084630BDFC
:103440001844025848BE000834000024300000240C
:1034500000B5FFF7DBFF05490968054AC1F3021112
:10346000515C01F01F01C84000BD00001C4402581F
:1034700048BE0008454970B545480968434B103BB4
:1034800011F0380208D00111082A03D0102A0BD0FD
:10349000182A0BD0084670BD19688906FBD5196833
:1034A000C1F3C101C84070BD3A4870BD3749374DBE
:1034B00018310C1D24350A68096826682D6802F049
:1034C000030406F00102C1F30511C5F3CC0515FB99
:1034D00002F200EE102AB8EE400AE9B32F4ADFEDFF
:1034E0002E0AB7EE001A6CB1DFED2D1A012C01D0B7
:1034F000022C43D002EE101A1068F8EE422A81EE38
:10350000A22A1EE01C68A40611D51B6801EE901AC1
:103510001168C3F3C103F8EE612AD84001EE900AA6
:10352000C1F30800F8EE611A81EEA22A0BE001EE69
:10353000901ADFED1C2A00BFF8EE611A106882EEC7
:10354000A12AC0F3080001EE900AF8EE611A40EEDD
:10355000201A31EE810A00E015E022EE000A106820
:10356000C0F34620401C00EE900AF8EE600A80EEA0
:10357000201ABCEEC10A10EE100A70BD01EE901ABE
:10358000DFED092AD8E7002070BD00001044025882
:103590000090D00300366E0100000039304402581C
:1035A0000024744A0024744C001BB74B2DE9F05FD3
:1035B00004007DD0FF4F2078FE4D1837DFF8F483EC
:1035C000103DC00748D0D8F80000396800F0380036
:1035D000102815D0182803D101F0030002280FD0BD
:1035E0006068B0F5803F12D010B1B0F5A02F18D0B0
:1035F000286820F480302860286820F4802009E0C2
:103600002868800328D560680028D2D024E0286884
:1036100040F480302860606888B1FEF7B1FF06464C
:1036200009E0286840F480202860F0E7FEF7A8FF52
:10363000801B64287ED828688003F7D50CE0FEF74D
:103640009FFF064605E000BFFEF79AFF801B642837
:10365000F0D828688003F7D42078800756D5D8F8AA
:103660000000DFF85093396810F03800A9F10C0918
:103670000ED0182801D188070AD0E068A8B32968BD
:1036800021F0190101432960FEF77AFF064628E080
:103690002868400702D5E06800288AD0E1682868D9
:1036A00020F0190008432860FEF76AFF064606E08E
:1036B000D2E000BFFEF764FF801B0228BAD828685A
:1036C0004007F7D5217CD9F8002022F0FE4242EADB
:1036D0000161C9F8001019E0FEF752FF801B0228B3
:1036E000A8D828684007F7D5ECE7FFE7286820F05E
:1036F00001002860FEF744FF064604E0FEF740FFA5
:10370000801B022896D828684007F7D42078C00686
:1037100046D5D8F80000DFF89C92396800F03800F0
:10372000A9F10409082812D0182805D101F00300D6
:10373000012800E0CEE00AD0E0690028286820D007
:1037400040F080002860FEF71BFF064615E0286861
:10375000C00502D5E06980287ED194F82010D9F800
:10376000002022F07C5242EA0161C9F8001017E003
:10377000FEF706FF801B0228A0D82868C005F7D5F1
:10378000EBE720F080002860FEF7FAFE064604E032
:10379000FEF7F6FE801B022890D82868C005F7D4F3
:1037A0002078000729D58348616964300029814663
:1037B000016811D041F001010160FEF7E1FE06460B
:1037C00005E000BFFEF7DCFE801B022888D8D9F890
:1037D00000008007F6D510E021F001010160FEF73E
:1037E000CFFE064605E000BFFEF7CAFE801B02289A
:1037F00070D8D9F800008007F6D42078800623D549
:10380000A0690028286810D040F480502860FEF796
:10381000B7FE064605E000BFFEF7B2FE801B022899
:1038200058D828688004F7D50EE020F4805028602E
:10383000FEF7A6FE064604E0FEF7A2FE801B022865
:1038400048D828688004F7D42078400751D5DFF89D
:103850006891D9F8001000E015E141F48071C9F8D1
:103860000010FEF78DFE064605E000BFFEF788FE5D
:10387000801B64282ED8D9F80000C005F6D54D4E1F
:10388000A068603601280AD008B1052813D0306836
:1038900020F001003060306820F0040002E0306861
:1038A00040F001003060A06841F2883A98B1FEF71C
:1038B00067FE81460AE0306840F004003060EEE7C1
:1038C000FEF75EFEA0EB0901514503D83068800782
:1038D000F6D50EE072E0FEF753FE814606E000BF2B
:1038E000FEF74EFEA0EB0901514567D8306880070E
:1038F000F6D4606A00287CD0DFF8B8A0D8F80010B1
:103900000AF1200A4FF6F87B0AF10408C1F3C2015C
:103910000329AAF104096DD00228286820F08070DC
:10392000286003D0FEF72CFE044681E0FEF728FE57
:10393000064604E0FEF724FE801B022875D828689E
:103940008001F7D4E26A40F2F331386854F8283F36
:10395000884340EA021018433860217B4FF4FE0C84
:1039600022894FF0FE47208A4902267D521E401EC2
:10397000A1F5007189B2C2F308021143761E0CEA68
:1039800000400143484607EA06621143CAF80010A6
:10399000D9F8001021F00101C9F80010D8F8003062
:1039A000266A23EA0B0343EAC601C8F80010D9F8D7
:1039B000001004E0104402580048025835E0A269A3
:1039C00021F00C011143C9F800100168E26921F0EF
:1039D000020111430160016841F480310160016816
:1039E00041F400310160016841F480210160016807
:1039F00001E06CE020E041F001010160286840F046
:103A000080702860FEF7BCFD044604E0FEF7B8FDB8
:103A1000001B022809D828688001F7D557E000BFAD
:103A2000FEF7AEFD001B022802D90320BDE8F09F7F
:103A300028688001F4D44AE039680128DAF80000E7
:103A400021D0A26A01F0030393421CD1E26AC1F3C0
:103A500005118A4217D1216BC0F30802491E8A4220
:103A600011D1616BC0F34622491E91420BD1A16B6B
:103A7000C0F30642491E914205D1E16BC0F30660D6
:103A8000491E814201D00120D0E7A16C4646D8F8FA
:103A90000000C0F3CC00814219D0D9F800004D4697
:103AA00020F00100C9F80000FEF76AFD4FEA0007A8
:103AB000FEF766FDB842FBD0A26C306820EA0B002E
:103AC00040EAC2003060286840F001002860002011
:103AD000ACE700002DE9F047040029D0594A4FF027
:103AE00000092068584B594D9042C4F8289006D0E0
:103AF000984204D0A84202D0E1680F2918D8E168A2
:103B00004FF0010AE76B0831C9080AEB57167143F9
:103B1000904205D0984203D0A84201D0082907D886
:103B2000904203D0984201D0A84204D1102902D972
:103B30000120BDE8F08794F8810020B9204684F880
:103B4000809000F085F8022084F8810020680168E8
:103B500021F0010101602068A1698268B1F1806FE4
:103B600002F4F81110D16268B2F5800F01D01AB1D9
:103B70000AE0A26B22B107E0A26BB2F1805F03D131
:103B8000026842F4805202606068400209D5E06831
:103B9000072806D32068236D026822F480721A4336
:103BA00003E02068026822F480720260A66AE0697D
:103BB000E26B25683043E3680A4310431843A8606A
:103BC000D4E90D02D4E90581636A25691843D4F864
:103BD00020C00A43266810432843A56DD4E901722A
:103BE000D4E9123140EA080040EA0C0038430843A7
:103BF000104318432843F060606868B92068816802
:103C000021F4C05141F4006181602068816821F491
:103C1000C06141F4806181602068016D21F0010183
:103C200001656068400206D52068626DC16821F0B8
:103C300000411143C160C4F8849084F881A0002041
:103C400077E700000030014000380040003C0040B1
:103C5000F0B5B5B0044614212EA8FCF712FCB8212B
:103C60006846FCF70EFC2249206888423DD1811449
:103C7000002017900446CDE900106846FEF7CCFD01
:103C800008B1FDF785FB1B48016841F480410160E4
:103C9000006800F48040339016480838016841F00D
:103CA00004010160016801F004013391016841F0F1
:103CB000020101600068022530AA00F00200339082
:103CC0000620CDE92E0503260B48052782E8D00003
:103CD0002EA9FEF739FB280330AACDE92E050748A7
:103CE0002EA982E8D000FEF72FFB35B0F0BD000012
:103CF00000380040E8440258000802580004025806
:103D00002DE9FF4F0446C06B17461D4683B042099C
:103D10002068521C00F1200130301FFA82FBCDE9EF
:103D20000001FEF72DFC824694F881002E46012802
:103D300035D1049800287CD0002FFCD0002DFAD07B
:103D400094F8800001282AD04FF0010984F880906F
:103D500005224FF0000884F88120C4F8848067664B
:103D6000A4F86A50A4F868500499E165A4F8625078
:103D7000A4F86050C4F87080C4F874802068C168EA
:103D800021F4C021C160AD492068884205D0AC490A
:103D9000884202D0AB49884205D1102704E00220B6
:103DA00007B0BDE8F08F082741686FF30F01294382
:103DB00041602068016841F0010101606068B0F570
:103DC000800F04D12068016841F400710160E0684F
:103DD0000F284CD9BF0838E020684169890710D501
:103DE0007EB1F119A9420CD9E16D09680162E06D5B
:103DF000001DE065B4F86200401EA4F86200B4F84B
:103E000062602068416905B34269D20703D15D450C
:103E100010D209040ED5006B616E0860606E001D43
:103E20006066B4F86A00401EA4F86A00B4F86A50EC
:103E30000BE0F0E0FEF7A4FBA0EB0A011098814232
:103E400002D3401C01D004E018B156EA0500C3D1EA
:103E5000C8E0204602F049FAD4F8840084F8808053
:103E600040F48070C4F8840084F88190E2E0072870
:103E70007BD97F084EE020684069800711D586B164
:103E8000F019A8420DD9E06D018801980180E06D1C
:103E9000801CE065B4F86200401EA4F86200B4F82B
:103EA0006260216848692DB34969C9070AD0009842
:103EB0000088616E0880606E801C6066B4F86A00DD
:103EC000401E13E05D4516D2010414D50098008809
:103ED000616E0880606E801C6066009909880180B0
:103EE000606E801C6066B4F86A00801EA4F86A00E8
:103EF000B4F86A500EE0012D01D18004D7D4FEF74A
:103F00003FFBA0EB0A011098814202D3401C01D074
:103F100083E058B356EA0500ADD163E020684169FB
:103F2000890711D586B1F119A9420DD9E16D09783A
:103F300080F82010E06D401CE065B4F86200401E7F
:103F4000A4F86200B4F86260206841696DB142690A
:103F5000D2070CD090F83000616E0870606E401C83
:103F60006066B4F86A00401E24E038E055E05D4524
:103F700025D20A0423D590F83000616E0870606E77
:103F8000401C6066216891F830100170606E401C22
:103F90006066216891F830100170606E401C6066A8
:103FA000216891F830100170606E401C6066B4F8B2
:103FB0006A00001FA4F86A00B4F86A500FE0042DEC
:103FC00002D211F4C04FC5D1FEF7DAFAA0EB0A0114
:103FD0001098814202D3401C01D01EE0E8B156EA9D
:103FE00005009BD1109B002208212046CDF800A09F
:103FF00002F0DAF928B1D4F8840040F02000C4F8C7
:104000008400204602F071F984F88190D4F884107D
:1040100084F8808081B10120C2E6204602F065F973
:10402000D4F8842084F8808042F48072C4F884201C
:1040300084F881900320B3E60020B1E6003001400F
:1040400000380040003C0040024A136883430B43A1
:1040500013607047040400587047704770470000B1
:10406000F0B590F83C20012A41D0224E012480F87E
:104070003C40022280F83D2002681F4D5368B24246
:10408000D2F808C001D0AA4203D14F6823F47003CC
:104090003B430F6823F070031F4357600268B2422E
:1040A00019D0B2F1804F16D0144B9A4213D0144B52
:1040B0009A4210D0134B9A420DD0AA420BD0124B09
:1040C0009A4208D0114B9A4205D0114B9A4202D025
:1040D000104B9A4204D189682CF0800319439160F7
:1040E000002180F83D4080F83C100846F0BD0220D9
:1040F000F0BD000000000140000401400004004049
:1041000000080040000C0040001800400040014042
:1041100000E0004000E4004010B5040003D094F833
:104120003D0010B107E0012010BD002084F83C00E4
:10413000204600F022F8022084F83D002068211D6E
:1041400002F02EFA012084F8480084F83E0084F83A
:104150003F0084F8400084F8410084F8420084F86D
:10416000430084F8440084F8450084F8460084F84D
:10417000470084F83D00002010BD704790F83D10C6
:10418000012901D0012070471A4A022180F83D1010
:104190000168CB6843F00103CB60006890421AD0FD
:1041A000B0F1804F17D01449884214D01349884287
:1041B00011D0134988420ED0124988420BD01249BF
:1041C000884208D01149884205D01149884202D05E
:1041D0001049884207D181680F4A1140062906D04C
:1041E000B1F5803F03D0016841F00101016000207A
:1041F000704700000000014000040040000800403B
:10420000000C004000040140001800400040014044
:1042100000E0004000E400400700010070472DE985
:10422000F041044600680027C6680569A90713D550
:10423000B10711D5FA1E026101212177206880693A
:104240008007204602D0FFF7E9FF04E000F0C4F841
:10425000204600F0A5F92777680716D5700714D512
:10426000226802206FF004011161207720688069C4
:1042700010F4407F204602D0FFF7D0FF04E000F0AA
:10428000ABF8204600F08CF92777280715D53007C2
:1042900013D5226804206FF008011161207720688F
:1042A000C0698007204602D0FFF7B8FF04E000F0A5
:1042B00093F8204600F074F92777E80616D5F00643
:1042C00014D5226808206FF0100111612077206852
:1042D000C06910F4407F204602D0FFF79FFF04E042
:1042E00000F07AF8204600F05BF92777E80708D05D
:1042F000F00706D021686FF001000861204600F049
:10430000E3F9280601D4A80408D5300606D52168AB
:104310006FF4025008612046FFF79FFEE80508D5BC
:10432000300606D521686FF4807008612046FFF7DB
:1043300093FE680608D5700606D521686FF0400028
:104340000861204600F0C7F9A8060AD5B00608D5CE
:1043500021686FF0200008612046BDE8F041FFF7BA
:104360007DBEBDE8F081000030B587B00446142161
:104370006846FCF786F824680021144D0223124A8F
:104380001348AC4209D1146844F002041460126866
:10439000009302F0020205920CE00E4DAC4210D1E7
:1043A000146844F002041460126802F002020592DC
:1043B000EA130092CDE90131CDE903136946FDF717
:1043C000C3FF07B030BD0000E044025800040040C5
:1043D0000004025800180040704770B5044690F879
:1043E0003C0000260D4601280BD0012084F83C003B
:1043F0000C2A4AD007DC82B1042A20D0082A06D130
:1044000031E0022070BD102A53D0142A63D0012657
:10441000002084F83C00304670BD206802F03EF970
:104420002068816941F0080181612068816921F07B
:104430000401816120682A698169114311E02068C3
:1044400002F082F92068816941F40061816120688D
:10445000816921F48061816120682969826942EA69
:1044600001218161D4E7206802F0BCF92068C169AC
:1044700041F00801C1612068C16921F00401C161F6
:1044800020682A69C169114311E0206802F0F8F937
:104490002068C16941F40061C1612068C16921F4EB
:1044A0008061C16120682969C26942EA0121C16154
:1044B000AEE7206802F020FA2068416D41F0080163
:1044C00041652068416D21F00401416520682A6939
:1044D000416D114311E0206802F048FA2068416DF7
:1044E00041F4006141652068416D21F480614165BE
:1044F00020682969426D42EA0121416588E710B5CB
:10450000040003D094F83D0010B107E0012010BD75
:10451000002084F83C00204600F022F8022084F8B5
:104520003D002068211D02F03BF8012084F848007E
:1045300084F83E0084F83F0084F8400084F841008D
:1045400084F8420084F8430084F8440084F845006D
:1045500084F8460084F8470084F83D00002010BD30
:1045600008B50C4A01680C48914207D1016841F036
:1045700002010160006800F0020009E0074A914270
:1045800007D1016841F040010160006800F040007F
:10459000009008BD00040040E844025800180040A4
:1045A0007047000030B504464FF0020269B104299B
:1045B00012D0082917D00C291CD0102921D094F82A
:1045C0004300012824D0012030BD94F83E0001288A
:1045D000F9D184F83E201DE094F83F000128F2D183
:1045E00084F83F2016E094F840000128EBD184F8CD
:1045F00040200FE094F841000128E4D184F84120E4
:1046000008E094F842000128DDD184F8422001E05E
:1046100084F843200122206802F032F81E49206805
:104620001E4A1F4B884209D0904207D0984205D0BD
:104630001C4DA84202D01C4DA84203D1456C45F444
:10464000004545642068884218D0B0F1804F15D0ED
:104650001649884212D0164988420FD0154988421F
:104660000CD090420AD01449884207D0984205D015
:104670001249884202D01249884207D18168114A02
:104680001140062906D0B1F5803F03D0016841F002
:1046900001010160002030BD000001400004014024
:1046A0000040014000440140004801400004004037
:1046B00000080040000C00400018004000E00040EE
:1046C00000E40040070001000068B0F1804F01D114
:1046D000FDF75CBF704770472DE9F0410446414D3E
:1046E00000202074A27B288861684243D4F8FC0033
:1046F000FBF7AEFEA17B288841436068FBF7C1FE53
:10470000A07B2A8810FB00F1D4F824015143FBF769
:10471000B8FE217BA27B2B88D4F8180111FB02F193
:104720005943FBF7AEFE00202CE000BFD4F8FC108C
:1047300001EB800292ED000AB5EEC00AF1EE10FA2C
:104740001ED0237C6FF0030201EB830181ED000A90
:10475000237C616AC854D4E90515237B267CD4F8F0
:104760001871095C13FB061105EB800302EB810154
:1047700093ED000A394481ED000A217C491C217423
:10478000401CC0B2A17B8142D0D8002011E000BF04
:10479000636A10FB0105E269411CD4F824611B5CCB
:1047A000C8B202EB830106EB850291ED000A82EDAF
:1047B000000A217C8142EBD8A4F88A10CAB2A4F87E
:1047C0009810A4F89A10207BA4F88020A4F8A210D6
:1047D000A4F84810A4F88200A4F88800A4F8A00067
:1047E000BDE8F0814A010024FEE700F001B80000B6
:1047F0002DED068B4FF4FA7005F043FE2B480C218B
:10480000FFF7D0FEFBF7CEFE294C2A499FED2A8AFE
:10481000A06108780028FDD02B4D244EDFED278ABB
:104820009FED279ADFED279AB2EE04AAA06990EDDA
:10483000070A84ED050AD4ED031A78EEC00AC4ED28
:10484000041A94ED021A84ED031A30EE812A20EE48
:10485000890A70EEC12AC4ED020A72EE210A00EE46
:10486000A90A02EE8A0A10EE100A84ED010AA84293
:1048700003DD9FED160A84ED010AB5EEC00AF1EEE4
:1048800010FA01D284ED018A2078012801D184ED4B
:10489000018A94ED010A3168BCEEC00A10EE100ADC
:1048A00080B20864142005F0ECFDBFE7DC040024AE
:1048B000EC02002400000024000000000000204260
:1048C0000000C842000048420000FA430000FA43DA
:1048D00000487047F44F00240A489FED081ADFEDA6
:1048E000080AB7EE000A10B505F04CFB05489FED2D
:1048F000060A683880ED070A10BD00006F12833A7F
:10490000000000005C5000244ED1113CAFF3008049
:104910002DED028BFFF7E0FF674FDFF8A091684EA7
:10492000A7F19005B7EE008AA7F10C08A5F168047D
:104930006348FCF76DFC86ED010A85ED020AFBF782
:1049400035FEFBF72FFEF060414690ED000A84ED46
:10495000030A90ED010A84ED040A90ED020A84ED49
:10496000050AD0ED001AC7ED001A90ED012A87ED77
:10497000012AD0ED022AC7ED022A90ED030AB1EE1A
:10498000400A84ED000A90ED040A84ED010A90EDDE
:10499000050A84ED020A90ED030A81ED000AD0EDCC
:1049A000040AC1ED010A90ED051A434888ED021A88
:1049B000903805F0FFFA4048903805F01AFB3E4861
:1049C000903805F0FBFA3C48903801F037FC96ED42
:1049D000020A10EE100A484565DD012084F86400E3
:1049E00095ED1A0AB1EE400A84ED140AD5ED190AC4
:1049F000C4ED130AD5ED1B0AC4ED150A03F0C8FA7D
:104A0000D4ED040A60EE208A94ED140A03F0E4FC6D
:104A1000D4ED050A94ED061A2A4940EE808A96EDF7
:104A2000010AD4ED070A21EE201A68EE801A30EE52
:104A3000800AC1EE800AC1EE001A30EEA10A84EDB0
:104A4000060AB0EEC00A10EE100A884203DA9FEDA3
:104A50001E0A84ED060A94ED150AD4ED170A1B49C7
:104A600070EE600A10EE900A884204DDD4ED180A58
:104A700070EEC80A08E010EE900A1549884205D980
:104A8000D4ED180A70EE880AC4ED180ADFED111A89
:104A900094ED181AF0EE400A41EE210AC4ED160A10
:104AA00084ED170A03E030EE080A86ED020A0120C1
:104AB00005F0E7FC3CE70000EC50002400803B459B
:104AC000980100240AD7A33C00000000DA0F4940F7
:104AD000DA0F49C0560EC94010B54FF00004EFF38D
:104AE000058048B906F0C0FE012806D0EFF310801B
:104AF00010B9EFF3118000B10124204610BD000071
:104B0000034801680020886304210148FFF74ABD7B
:104B1000280500242DE9F047DFF8D8831E4604233A
:104B2000174608224FF000090D460446A8F8003049
:104B3000A8F8022001734773867380F810903046FE
:104B400005F08CFB31466061FBF79BFCB8F8000078
:104B5000704305F083FBA061B8F800107143FBF7C8
:104B600090FCB8F80000704305F078FBE061B8F8FD
:104B700000107143FBF785FCB8F80000684305F0AE
:104B80006DFB2062B8F800106943FBF77AFC3046F1
:104B900005F064FB31466062FBF773FCB8F8000077
:104BA000684305F05BFB2060B8F800106943FBF731
:104BB00068FCB8F80000704305F050FB6060B8F87E
:104BC00000107143FBF75DFCB8F80000784305F076
:104BD00045FBA060B8F800107943FBF752FCB8F829
:104BE0000000684305F03AFBC4F8F000B8F8001084
:104BF0006943FBF746FC217B0122D4F8F03004F135
:104C0000300003F01CFAB8F80000684305F026FBFA
:104C1000C4F8F400B8F800106943FBF732FC217BBC
:104C20000122D4F8F43004F1380003F008FA9FB1FF
:104C3000B8F80000784305F011FBC4F8F800B8F8A4
:104C400000107943FBF71DFC617B0122D4F8F8309A
:104C500004F1400003F0F3F9B8F80000704305F0E8
:104C6000FDFAC4F8FC00B8F800107143FBF709FC2A
:104C7000A17B0122D4F8FC3004F1480003F0DFF9F5
:104C8000B8F800006843684305F0E8FAC4F800018A
:104C9000B8F8001069436943FBF7F3FB217B04F18B
:104CA0005000D4F800310A4603F0C9F9B8F8000002
:104CB0006843684305F0D2FAC4F80401B8F800105C
:104CC00069436943FBF7DDFB217B04F15800D4F80D
:104CD00004310A4603F0B3F9B8F8000068436843AA
:104CE00005F0BCFAC4F808019034B8F80000684335
:104CF000684305F0B3FAE067B8F80010A06F6943A5
:104D00006943FBF7BEFBB8F80010E06F69436943E5
:104D1000FBF7B7FB14F8841CA4F13000A36F903CA0
:104D20000A4603F08CF9217B04F16800D4F80C31B9
:104D30000A4603F084F9AFB1B8F80000684378433D
:104D400005F08CFAC4F81401B8F8001069437943EF
:104D5000FBF797FB627B04F17800217BD4F81431D8
:104D600003F06DF9B8F8000047467043684305F05A
:104D700075FAC4F81801A03438886843704305F008
:104D80006DFAE0673988A06F71436943FBF779FBDF
:104D90003988E06F69437143FBF773FBA4F120008E
:104DA00014F8942C14F8921CA36FA03C03F047F95C
:104DB000A27B04F18800217BD4F81C3103F03FF979
:104DC00038886843684305F049FAC4F820013988F7
:104DD00069436943FBF755FB217B04F19000D4F84C
:104DE00020310A4603F02BF938887043704305F0F0
:104DF00035FAC4F82401398871437143FBF741FB4C
:104E0000A17B04F19800D4F824310A4603F017F985
:104E100038886843704305F021FAC4F828013988BE
:104E200069437143FBF72DFBA27B04F1A000217BBA
:104E3000D4F8283103F003F9207B398810FB00F007
:104E4000484305F00BFAC4F82C01207B398810FB8D
:104E500000F0484305F002FAC4F83001207B39889D
:104E600010FB00F0484305F0F9F9C4F83401207B49
:104E70003988484305F0F2F9C4F838013988207BB5
:104E8000484305F0EBF9C4F83C0104F1A800217B8C
:104E9000D4F82C310A4603F0D2F8217B04F1B0009B
:104EA000D4F830310A4603F0CAF8217B04F1B80087
:104EB000D4F834310A4603F0C2F8217B0122D4F839
:104EC000383104F1C00003F0BAF8217B0122D4F894
:104ED0003C3104F1C80003F0B2F884F8289084F85B
:104EE000299084F82A9084F82B9084F82C90BDE8BF
:104EF000F08700004A01002470B5104D0446C07BC5
:104F000018B12046FFF7E8FB0DE0A27B2888616816
:104F10004243D4F8FC00FBF79BFAA17B288841436D
:104F20006068FBF7AEFA627B2888A1684243D4F838
:104F3000F800BDE87040FBF78BBA00004A0100247E
:104F40002DE9F041044690F82C0000282BD1B4F84C
:104F50008220B4F85A10B4F8A000A4F8B000A4F865
:104F6000B22004F1B002A4F8B80004F1A000174682
:104F7000A4F8BA1004F1800103F0C4F904F1B802F6
:104F800084F8D00004F1580116460D46384603F067
:104F9000B9F904F15002314684F8D000284603F0F4
:104FA000EBF984F8D000BDE8F0812DE9F04104462A
:104FB00090F8290000282CD104F1680104F1600068
:104FC0000F46054603F0EEF904F1580284F8D000CC
:104FD00004F150011646284603F094F9B4F858102D
:104FE000B4F86A2084F8D0003046A4F8B0103946EE
:104FF000A4F8B22004F1B002154603F083F904F1DD
:105000009001324684F8D000284603F003F884F873
:10501000D000BDE8F0812DE9F047044690F82A0061
:1050200000285BD104F1880104F18000894605461F
:1050300003F0B8F9B4F88010B4F85A2084F8D0001E
:105040002846A4F8B01004F15801A4F8B22004F1E5
:10505000B00290460F4603F055F9B4F8B020B4F80A
:105060008A1084F8D0004046A4F8B82004F1B802B1
:105070001546A4F8BA10494603F044F9B4F898105C
:10508000B4F89A2084F8D0002846A4F8A81004F1B7
:105090009801A4F8AA2004F1A802164602F0BAFF6B
:1050A00084F8D000B2342946304602F0CDFF34F8FF
:1050B0005A1C34F8282CA077384624F8021C49469C
:1050C0002280424603F01EF9A4F11202A077B23CFE
:1050D0002946404603F016F984F8D000BDE8F08771
:1050E00070B50446FFF708FFD4F8D41009B1204684
:1050F0008847204600F068F8D4F8D81009B1204657
:1051000088472046FFF751FFD4F8DC1009B120464C
:105110008847207C2B4DC0B9E07BB0B1227B28882A
:105120004243D4E93C01FBF793F9207B2B8810FB29
:1051300000F2D4E940015A43FBF78AF9D4F8E810A9
:1051400009B12046884700202AE02046FFF763FF88
:10515000D4F8E01009B120468847204600F06EF8E8
:10516000D4F8E41009B1204688472046FFF7E8FE4E
:10517000E4E700BF10FB0101D4F80031226A03EB21
:10518000810102EB8002D1ED000A92ED000AF4EEFB
:10519000C00AF1EE10FA01D281ED000A401CC0B243
:1051A000217B8142E6D82888CAB2D4F8F010424365
:1051B0002068FBF74DF9D4F8EC1009B12046884778
:1051C000206870BD4A0100242DE9F041044690F8A2
:1051D000280000282AD1627B04F1300104F160002C
:1051E00004F1380522B3227B0126A4F8C02004F183
:1051F000C0021746A4F8C26003F084F8217B04F1D2
:10520000C80284F8D00004F17800A4F8C81004F1B2
:105210004001A4F8CA60164603F074F804F8D00FF1
:105220002A463146384602F0F5FE2070BDE8F0818E
:105230002A4603F067F884F8D000F7E72DE9F0413B
:10524000044690F82B00002838D1B4F8800004F10F
:10525000C00204F13801A4F8C0000125904604F111
:1052600080000F46A4F8C25003F04CF8B4F8481080
:1052700004F1C80284F8D00004F14800A4F8C81072
:1052800016464146A4F8CA5003F076F8B4F8A010C8
:10529000424684F8D00004F1A000A4F8C0103146C2
:1052A000A4F8C25003F02EF804F13002414684F80D
:1052B000D000384602F0AEFE84F8D000BDE8F081A0
:1052C000D0ED000A90ED012A90ED021A60EE800AFE
:1052D00022EE002AD0ED031A60EE800A60EE800A0A
:1052E00042EE000A41EE000A30EEA10A70470000CB
:1052F000094B0021094AF0EE402A00B5B0EE620ADF
:1053000003EB0110FFF7DCFF02EB8100491C0C29C5
:1053100080ED000AF2DB00BD200200243852002498
:1053200070B50B4D00240B4E2DED028BB0EE408A74
:1053300005EB0410B0EE480AFFF7C2FF06EB84004D
:10534000641C0C2C80ED000AF2DBBDEC028B70BDFE
:105350002002002454550024FBF792BD1848002178
:105360002DE9F041154F01268160052407600423D3
:10537000C16013250174082241748174C0E90536A7
:10538000C0E90754C562C0E90C418463C0E909362D
:10539000C0E91121C0E90F43C0E91321C0E915316B
:1053A000C0E91712C0E91912FCF7A8FD002803D0C4
:1053B000BDE8F041FBF7ECBFBDE8F08100A0004084
:1053C000140300241A48002170B5184E00F1140C83
:1053D0008160052206600124C1600E25017440F23F
:1053E00056364174042381748CE834000262243000
:1053F00080E83400C0E90326036208244261C0E962
:105400000621C0E909340622C0E90B134163C0E953
:105410000E13C0E910122438FCF770FD002803D0E9
:10542000BDE87040FBF7B4BF70BD000000A40040B1
:10543000B4030024054A0021054810B505F0ABF877
:1054400004498861BDE81040FCF75CB9F0BC000875
:10545000EF630008040000242DE9F04786B0142112
:105460006846FBF70EF84248016841F0040101600C
:10547000016801F004010591016841F080010160BB
:10548000016801F080010591016841F001010160AE
:10549000016801F001010591016841F0020101601C
:1054A000016801F002010591016841F010010160FD
:1054B000016801F010010591016841F008010160E7
:1054C00000684FF46046DFF8AC80002200F008006E
:1054D000314605904046FDF74EF80122404609212D
:1054E000FDF749F8DFF89090012205214846FDF7C5
:1054F00042F80122DFF884A0570250463946FDF7F2
:105500003AF800240096012569464046CDE9015449
:105510000394FCF719FF03210920CDE90005CDE92B
:10552000024169464046FCF70FFF05200090CDE997
:105530000154694648460394FCF706FF0097694604
:10554000CDE9015450460394FCF7FEFE680369461A
:105550008DE831005046FCF7F7FE0021E806FEF723
:1055600073FD00212806FEF76FFD06B0BDE8F08749
:10557000E044025800080258000002580010025887
:105580002DE9F04117484FF48007DFF854C000219F
:10559000FA000726C0F800C04FF04053C0E903628C
:1055A000C0E90171C0E907314162551054008162C0
:1055B0005201C162C0E90D21C1630164416481648B
:1055C000C164016541658165C0E90554FEF782FA51
:1055D000002803D0BDE8F041FBF7DABEBDE8F0815A
:1055E000003800405404002430B58BB000246846D5
:1055F0001C21079408940994FAF743FF174840F2D6
:10560000CF721723144D8021C0E9024204618161E9
:10561000C0E90053FEF773FF08B1FBF7B9FE0F486E
:1056200007A907940994FEF71BFD08B1FBF7B0FE2C
:1056300060204FF47A718DE813000848042269460F
:105640000494FEF7CAFE08B1FBF7A2FE0348FEF77A
:105650008BFE0BB030BD0000001800402805002470
:1056600030B58BB0002468461C2107940894099437
:10567000FAF707FF164842F20F721723134D8021E5
:10568000C0E9024204618161C0E90053FEF737FFBF
:1056900008B1FBF77DFE0E4807A907940994FEF7B1
:1056A000DFFC08B1FBF774FE60206946CDE9000419
:1056B00007480C2202940494FEF78FFE08B1FBF712
:1056C00067FE0348FEF750FE0BB030BD00040040FB
:1056D000DC040024FEE7FEE7AFF300802DED048B31
:1056E000FFF7F6F8454C206103E0012004F0C9FE05
:1056F000206990F864000028F7D0414806F0A6FA27
:10570000DFF8F8803F4F404D08F11C08404EDFEDB8
:105710003F8AB6EE009ADFED3F9A2069D7ED410A45
:1057200095ED060A90ED001A70EE810A30EE800ABF
:1057300084ED050A95ED0F0A02F02AFC95ED111A89
:10574000D5ED101AD4ED050A21EE211A20EE018ABA
:1057500095ED0F0A00EEA88A02F03EFED5ED120A82
:1057600000EE808A84ED068A2069D7ED500A96ED16
:10577000061A90ED000A30EE600A30EE010A84ED60
:10578000010A96ED0F0A02F003FC96ED111AD6ED10
:10579000101AD4ED010A21EE211A20EE018A96EDAD
:1057A0000F0A00EEA88A02F017FED6ED120A00EEEC
:1057B000808A84ED028A94ED060A30EE080A60EED3
:1057C000090AC4ED030A206990ED060A0C4806F0A8
:1057D00071FA98ED000A87ED5D0A206897ED5E1A70
:1057E00000EE900AF8EE601AC1EEA90A00EE201A47
:1057F00087ED5E1A04F045FE8FE70000A801002443
:10580000F8500024685200248455002422FD763D7F
:105810001C54002400007A44002828D0002A26D0F6
:105820000170D2ED001A9FED121AC0ED011AD2EDEF
:10583000011AC0ED021AD2ED021AC0ED031A80ED72
:10584000040AC0ED050A80ED0E1A80ED0D1A80EDF8
:105850000C1A80ED081A80ED0B1A80ED0A1A80ED03
:10586000091A80ED111A80ED101A80ED0F1A704799
:105870000000000010B5094C012204212046FCF76D
:105880007AFE012220461146FCF775FE01220448EB
:10589000BDE810405102FCF76EBE00000000025847
:1058A00000100258FEB5002400F01AF900F018F9B3
:1058B00000F016F91BA007C88DE80700092168460B
:1058C00000F004F91AA107C98DE80700092168460C
:1058D00000F0FCF819A207CA8DE807000921684604
:1058E00000F0F4F818A207CA8DE8070009216846FD
:1058F00000F0ECF81420FBF7BBFF164E5FF000053C
:1059000000F048F910B1707800280AD10A20FBF79E
:10591000AFFF6D1CEDB2032DF2D3641CE4B2052C75
:10592000C2D3FEBD014300010000000000000000E2
:10593000014400010300000000000000014D0000D0
:105940000100000000000000014300005A5A5A5AAA
:105950005A000000040100242DE9F04116460D46CE
:105960008046FFF787FF3220FBF744FC04F0C0FDC0
:10597000174F002204213846FCF7FDFD3220FBF7CB
:1059800039FC00240BE000BF18F8040000F0BAF85E
:1059900005B128550A20FBF72DFC641CE4B2B44283
:1059A000F2D3012238460421FCF7E5FD3220FBF753
:1059B00021FC012207485102FCF7DDFD0122384697
:1059C0001146FCF7D8FDBDE8F04104F0C7BD00006A
:1059D00000000258001002580B490C480A78C272A5
:1059E0004A7802734A88C2810A8902824A894282BD
:1059F0008A898282C989C1828169C162C169016360
:105A0000016A416370470000EA4E0024040100244B
:105A100070B5164C0025E57125726572FEF758FFCA
:105A20001449DFED130AA063C1ED560A91ED5E1A29
:105A30009FED110A81ED571A91ED661A81ED581A02
:105A400081ED5A0A81ED5B0A81ED5C0AC1ED590ACC
:105A5000FFF710FF00F012F8A561E5612562322022
:105A6000FBF706FFBDE87040FFF71CBF04010024F0
:105A700000000000685200240AD7A33D114800210D
:105A800070B580234FF6FF72FF2401704170428091
:105A9000037143718371C3710B4A01817325418185
:105AA0005A268181C181147055709670A2F13C0014
:105AB000D470147153719371D3711372017041706A
:105AC000817070BDEA4E0024400100240A46002186
:105AD00010B5FFF741FFBDE810400220FBF7C8BE3C
:105AE00005A11CB5D1E90001CDE9000105216846F9
:105AF000FFF7ECFF1CBD00000142000000000000A9
:105B000000F012BA2DE9F05FDFF880900026204FF8
:105B10004FF4007B4FF4005A054634464FF001081D
:105B2000E80701D0012200E0002259464846FCF770
:105B300022FD0420FBF75EFB002238460121FCF722
:105B40001AFD0C20FBF756FB51464846FCF70EFDAC
:105B5000012803D108FA04F03043C6B238460122C6
:105B60001146FCF708FD0C20FBF744FB641C6D0894
:105B7000E4B2082CD4D3012259464846FCF7FBFC7A
:105B80000420FBF737FB3046BDE8F09F00100258B9
:105B900000000258F0B541A2434C87B003AB07CADE
:105BA00083E80700E07809228DF80F006946207924
:105BB0008DF8100003A8FFF7CFFE3C4B002069468C
:105BC000421C0D5C1D54D0B20928F9D39DF8026027
:105BD00000235A2E07D19DF80120412A12D0732AA2
:105BE00010D0792A0ED02370E069401CE061206A51
:105BF000401C2062206A142801D9FFF73FFF0020D3
:105C000007B0F0BD2948012527490A3025703C31ED
:105C1000A270A7697F1CA761236205704270BDF85E
:105C2000037047809DF800700F704A708E709DF869
:105C30000360CE709DF804600E71732A03D0792A38
:105C400001D0637028E065709DF805204A719DF8C9
:105C500006508D719DF80740CC719DF808600E725A
:105C6000027145718471C671017980390181B0F981
:105C70000810491C00D103814179C1F180014181A3
:105C8000817980398181B0F90C10491C00D1838160
:105C9000C179C1F18001C1810120B1E70142000059
:105CA000000000000000000004010024E04E002479
:105CB0002DE9F04106000C46B0EE402A2DED048B94
:105CC00020D0002C1ED030789FED881ADFED881A86
:105CD00050B170880027874D4FF00108000715D597
:105CE000E879012812D01BE094ED5E0AD4ED660A33
:105CF000C4ED5A1A84ED561A84ED570AC4ED580AB9
:105D000081ED591ABDEC048BBDE8F0817A48EF7142
:105D100084F8AC8184F8B0710770084605F08CF8FF
:105D20007088B6EE008A800402D484F8AC7103E077
:105D300094F8AC01012811D084ED561AA86B90EDAF
:105D4000160A84ED580AC4ED5A1A84ED591A70885F
:105D500080047DD5687A01287AD0ACE0B6F90A10C3
:105D6000DFED660A00EE101A6548B8EEC00A20EEB4
:105D7000200A84ED560A718941B1D4ED570A40EEEC
:105D8000020AC4ED570A85F8068007E0A9790129BF
:105D900004D1AF7190ED5E0A84ED570A318981B16B
:105DA000B6F9081094ED580A00EE901A9FED551AB6
:105DB000F8EEE00A00EEC10A84ED580A85F8058085
:105DC00008E06979012905D16F71A96B91ED160A77
:105DD00084ED580AB6F90C10DFED4B0A00EE101AEC
:105DE000B8EEC01A81EE200A84ED590AA96BD1EDF4
:105DF000130A70EEC01AC5ED091A90F8AE01012819
:105E000024D0B6F90E0094ED5B1A00EE100ADFED17
:105E10003F0AB8EEC00A00EE201A84ED5B1AB6F90C
:105E20000E0094ED5C0A02EE100A3948B8EEC22A60
:105E300002EE200A84ED5C0A0078A0B131EE000A7F
:105E400020EE080A84ED5B0A84ED5C0AB08900E06C
:105E50002DE03049304A28B3F08918B381F85180D9
:105E600082F8518073E79FED2D2ADFED2D8A9FED9B
:105E70002D9A01EE821A01EEC20AF0EE680A04F5CC
:105E8000B87084ED5B1A84ED5C0AB0EE490A04F048
:105E9000E3FAF0EE680AB0EE490A04F5B67004F0D1
:105EA000DBFAD3E781F8517082F851704FE7204652
:105EB0006F7204F0C1FF708800040BD494ED5B0A8C
:105EC000D4ED5C0A30EE200A20EE080A84ED5B0A6D
:105ED00084ED5C0A7088C00403D5287A01287FF419
:105EE00011AF2F7284F8AD810CE7000000000000B4
:105EF0000AD7A33D040100240D0200246F12033CC5
:105F0000685200246F12033A0000C843BD370637B9
:105F10000C020024845500241C5400240AD7A33BFF
:105F2000EC51383EB81E853D2DED028BFFF770FD1C
:105F30000C4C9FED0D8A00BFFFF72CFEA07A0B4999
:105F400000EE100A0A48F8EE400A80EE880AFFF7D1
:105F5000AFFEA06A401CA062FFF73EFDA07A04F0ED
:105F600090FAE9E70401002400007A446852002412
:105F7000EA4E002410B50E4A0C460021B0EE000A8D
:105F80002DED028B9FED098AF0EE480AFFF744FCE5
:105F9000F0EE480A064A2046B0EE000A0C32BDEC8C
:105FA000028B0021BDE81040FFF736BC0000000066
:105FB00068BE000870B5AEB0B8216846FAF761FA5D
:105FC0000023192403254FF400420220CDE90023C9
:105FD000C0260690CDE90204CDE90405CDE90763AA
:105FE0000207684609931B92FCF716FC002801D0B3
:105FF00072B6FEE72EB070BD2DE9F047454D044660
:1060000089464FF0000A2868C04380070AD0414EF5
:10601000283E306820F080603060FCF7B1FA074617
:10602000B04608E00120BDE8F08700BFFCF7A8FA01
:10603000C01B022867D8D8F800000001F6D42068F9
:1060400029684FF4FE0721F47C313E0241EA00301A
:106050002860207AA389B4F804C040022D4D2D4950
:106060005B1E227CACF1010C1035091DA0F50070FF
:1060700080B2521ECCF3080C07EA034340EA0C003E
:10608000184306EA0262104328600868626920F03B
:10609000C000104308600A68A06922F02002024391
:1060A0000A60281D0A6822F010020A6002684FF692
:1060B000F873E4699A4342EAC40202600868B9F1DD
:1060C000000F40F010020A6011D00868B9F1010F0A
:1060D00011D040F400100860D8F80000444640F0A9
:1060E0008060C8F80000FCF74BFA05460DE0086830
:1060F00040F40020EFE740F48010ECE7FCF740FAB2
:10610000401B022801D903208DE720680001F5D546
:10611000504688E7284402582DE9F047454D04468B
:1061200089464FF0000A2868C04380070AD0414ED4
:10613000283E306820F080503060FCF721FA074696
:10614000B04608E00120BDE8F08700BFFCF718FA70
:10615000C01B022867D8D8F800008000F6D4208839
:1061600029684FF4FE0721F07C713E0241EA00509D
:106170002860207AA389B4F804C040022D4D2D492F
:106180005B1E227CACF1010C1835091DA0F50070D6
:1061900080B2521ECCF3080C07EA034340EA0C001D
:1061A000184306EA0262104328600868626920F416
:1061B0004060104308600A68A06922F4007202433C
:1061C0000A60281D0A6822F480720A6002684FF68D
:1061D000F873E4699A4342EAC40202600868B9F1BC
:1061E000000F40F480720A6011D00868B9F1010F05
:1061F00011D040F080700860D8F80000444640F0AC
:106200008050C8F80000FCF7BBF905460DE00868AF
:1062100040F48000EFE740F40000ECE7FCF7B0F951
:10622000401B022801D903208DE720688000F5D5A6
:10623000504688E728440258FAF720BF90ED0D2A0F
:10624000D0ED0C4AD0ED0E1A90ED0F1A62EE025A04
:1062500064EE822A21EE014A64EEA13A24EE815ACC
:1062600062EE214A22EE012A21EE811AF7EE000A9F
:10627000B0EE000A21EEA13AF0EE601A45EEC00A37
:1062800074EEC55A74EE854A43EE401A32EE235A34
:1062900032EE632A71EE623A71EE222AB0EE601A93
:1062A00044EE401A03EE401A44EE400A25EE803ACE
:1062B00025EE004A64EE804AC0ED101A80ED113AD6
:1062C00063EE803A80ED124A22EE002AC0ED134AB6
:1062D00022EE800AC0ED140AC0ED153A80ED162AB0
:1062E00080ED170A80ED181A704710B5026840F269
:1062F0006F335169946944F00804946102689469A9
:1063000044F0100494610268146824F001041460DD
:10631000026814699C4314610268936823F4404343
:10632000936090F88120042A0CD08A060AD5D0F810
:10633000842042F08002C0F884200268936943F010
:106340002003936190F88120032A0CD04A060AD5D5
:10635000D0F8842042F00402C0F8842002689369D7
:1063600043F0400393618A050AD5D0F8842042F0B7
:106370000102C0F884200268936943F400739361BA
:10638000C9050AD5D0F8841041F00801C0F884107E
:1063900001688A6942F480728A610021A0F8621063
:1063A000A0F86A1010BD00002DE9F0411C46164609
:1063B0000D460746DDF818800AE000BFFCF7E0F85C
:1063C000A0EB0800A04202D3601C01D00BE054B146
:1063D0003868406935EA000007D00020B042EDD0AF
:1063E0000020BDE8F0810320FBE70120F6E7012053
:1063F00004F047F8FBE70000024801686420886366
:1064000070470000280500244FF0E02010B5006917
:1064100005F02AFA012803D0BDE8104005F04AB87B
:1064200010BD000070B59CB04C216846FAF729F801
:10643000202113A8FAF725F80220FCF7C3F91E481B
:10644000016821F4404101600168002401F44041E9
:106450001B9101688904FCD502200A902823099029
:10646000C20301210D910425CDE90012CDE90B03F2
:106470000C261294CDE90E50CDE910646846FDF764
:1064800095F808B172B6FEE740201A90082305017E
:10649000CDE9163013ABCDE918053F21032283E87F
:1064A000160013A81146FCF755FE002801D072B65D
:1064B000FEE71CB070BD0000184802582D48F0B52A
:1064C0002D4A016841F470010160106800F00F006E
:1064D000072804D2106820F00F00C01D1060274963
:1064E0000020264C10340B68254D43F001030B604F
:1064F00020600B682B400B60136803F00F03072B21
:1065000004D9136823F00F03DB1D13601B4C1D4AD5
:1065100018341D4B261D371D2060184C1B4D283488
:106520003060261D3860371D23603B1D35601C1D03
:106530003A60251D2E1D1860331D226028603260D0
:1065400018600B680D4A0D4C23F48023D4320B6085
:10655000603420601068C0040BD4136843F2D2008A
:106560000B4943F4805313600860106820F4805096
:106570001060F0BD88ED00E0002000520044025899
:106580007FEDF6EA80020101000202020000FF0135
:10659000004000520148FDF742BE0000740500248F
:1065A0002DE9F0472C4B4FF0804A2C4D0268984261
:1065B0002B4E2C4F2C4C09D0504507D0A84205D06B
:1065C000B04203D0B84201D0A04205D1D1F804C0F6
:1065D00022F070024CEA0202DFF890C0DFF89080EF
:1065E0009842DFF8909015D0504513D0A84211D0B2
:1065F000B0420FD0B8420DD0A0420BD0604509D0B8
:10660000404507D0484505D01B4DA84202D01B4D40
:10661000A84203D1CD6822F440722A438E684D69A6
:1066200022F08002C6620E682A439842866207D032
:10663000A04205D0604503D0404501D0484501D176
:10664000096901630368012143F0040303604161A8
:106650000260BDE8F0870000000001400004004037
:1066600000080040000C00400004014000400140D0
:10667000004401400048014000E0004000E40040C8
:1066800010B5046A012301F01F018B409C43046292
:106690008A40016A1143016210BD00002DE9F04FEC
:1066A000DFF88C80234EDFF89090DFF890B0026A1C
:1066B000036AB042DFF888A022F0020C214F23F0D9
:1066C00001020262436885698A680C6805EA080568
:1066D00025F0030542EA0C0244EA050407D04845C8
:1066E00005D0584503D0504501D0B84208D1D0F864
:1066F00020C022F008052CF004020262CA682A4376
:10670000B04207D0484505D0584503D0504501D088
:10671000B84205D123F44076D1E9055335432B43E4
:1067200043608461496841630262BDE8F08F000004
:106730008FFFFEFF000001400004014000400140C7
:106740000044014000480140F0B5DFF880E0204CF3
:10675000204D026A036AA04222F0200623F01003B3
:10676000036242688369D1F808C00F6803EA0E0328
:1067700023F4407E46EA0C134EEA072601D0A842D5
:1067800008D1076A23F0800327F040070762CF682B
:1067900043EA0713A0420AD0A84208D00E4CA042F8
:1067A00005D00E4CA04202D00D4CA04207D1D1E939
:1067B000054522F4406242EA840242EA85024260D0
:1067C0008661496881630362F0BD0000FF8FFFFEB0
:1067D000000001400004014000400140004401402D
:1067E00000480140F0B5DFF880E0204D204E026AFD
:1067F000036AA84222F4007723F48073036243689B
:10680000C269D1F808C002EA0E020C6822F0030E39
:1068100047EA0C2244EA0E0401D0B04208D1076ACC
:1068200022F4006227F480670762CF6842EA0722F9
:10683000A8420AD0B04208D00E4DA84205D00E4D55
:10684000A84202D00D4DA84207D1D1E9055623F444
:10685000405343EA051343EA06134360C4614968A1
:10686000C1630262F0BD00008FFFFEFF0000014027
:106870000004014000400140004401400048014044
:10688000F0B5046A026A22F4805202624268C36967
:1068900024F40054DFF848C08E680D6803EA0C0346
:1068A000104F23F4407344EA0634B84243EA052308
:1068B0000BD00D4DA84208D00C4DA84205D00C4D70
:1068C000A84202D00B4DA84204D14D6922F4804267
:1068D00042EA85124260C361496801640462F0BD06
:1068E000FF8FFFFE00000140000401400040014016
:1068F0000044014000480140F0B5164F164B026AB3
:10690000046A984222F4003524F48033036242681A
:10691000436D0E890C6803EA070344EA030445EA61
:1069200006430BD00D4DA84208D00D4DA84205D00E
:106930000C4DA84202D00C4DA84204D14D6922F45E
:10694000803242EA052242604465496881650362FB
:10695000F0BD00008FFFFEFF000001400004014079
:10696000004001400044014000480140F0B5164F8E
:10697000164B026A046A984224F48013036222F4DC
:1069800000144268436D0E890D6803EA070344EA68
:10699000065443EA05230BD00D4DA84208D00D4DF7
:1069A000A84205D00C4DA84202D00C4DA84204D1FB
:1069B0004D6922F4802242EA85224260436549689B
:1069C000C1650462F0BD0000FF8FFFFE00000140C2
:1069D00000040140004001400044014000480140E3
:1069E000FEE7000010B5D0ED080A90ED070A00F1AF
:1069F00014010446443002F0DDFA04F11C00011FCA
:106A000090EC040A2C3002F015FC0A4804F1400115
:106A1000D4ED060A94ED050A0068D0ED001A90ED59
:106A2000141ABDE81040081FF1EE611AB1EE411AC8
:106A300002F0F0BB5001002410B5D0ED080A90ED33
:106A4000070A00F114010446443002F0B3FA04F1DD
:106A50001C00011F90EC040A2C3002F0EBFB0A48EA
:106A600004F14001D4ED060A94ED050A0068D0ED6A
:106A7000001A90ED141ABDE81040081FF1EE611ADB
:106A8000B1EE411A02F0C6BB50010024D0ED0E1A3F
:106A900090ED0D1AD0ED080A90ED070A00F13001D3
:106AA0002C3002F013BF000010B50446FDF710FFB4
:106AB0000C499FED0B1ADFED080A9FED080A0860EC
:106AC00084ED001AC4ED010A84ED020A84ED030A84
:106AD000C4ED040A10BD00009A99993D295C0F3E4F
:106AE0005839343C5001002410B5F6EE000A044633
:106AF0002DED028B90ED070A20EE208A90ED060A1C
:106B000001F06AFC94ED052A94ED011AF0EE083AC2
:106B100020EE020A21EE012A94ED021A68EE081A0C
:106B200020EE005A01EE012AD4ED044A94ED003A19
:106B300085EE231AF0EE000A40EE001A94ED034AA7
:106B400024EEA00A22EE032AF2EE082A24EE204ABE
:106B500061EE800A82EE220A08EE081ABDEC028B72
:106B600021EE041A30EE010A30EE200A10BD0000BA
:106B70001D48DFED1C3A9FED1D4A1D491D4AC0ED21
:106B8000013A80ED024AD1ED0F3A92ED0F4AB6EE8E
:106B9000000ADFED190A73EE843A9FED181ADFED53
:106BA000181AB7EE002A63EE803ADFED162A9FED41
:106BB000163AC0ED063AD1ED113A92ED114A73EE54
:106BC000843A23EE800A80ED050AC0ED000A80EDCC
:106BD000031AC0ED041A80ED092AC0ED072A80EDE2
:106BE000083A7047EC51383EFC4E0024295C0F3EB9
:106BF000845500241C5400245EBA01409A99993DA2
:106C000052B81E3F9A99993E22FD763D70B5F0EE3E
:106C1000404A0C4605462DED028BF0EE608AFFF7E8
:106C2000A7FF9FED130A134824EE808AFFF75CFF4D
:106C3000104AF0EE000AD2ED091A92ED082A92ED00
:106C4000071A21EE800A60EE021A81EE810A60EED8
:106C5000200A20EE080A60EEA80A20EE080A60EE7C
:106C6000880A85ED000AC4ED000ABDEC028B70BDF8
:106C7000DB0FC940FC4E002403B40198410000988A
:106C800050EAC12018BF04204A0D18BF40F001008F
:106C900040F2FF72B2EB515F08BF40F002000128E2
:106CA00008BF052002B070474100080218BF042049
:106CB0000A0E18BF40F001004FF07F4232EA010196
:106CC00008BF40F00200012808BF052070470907EF
:106CD00000284FEA116104DB00F1E02080F8001485
:106CE000704700F00F0000F1E02080F8141D70479D
:106CF00010B54FF00E402DED028BB0EE408A18EE2D
:106D0000104A00EB4400B0F1506F4AD84FF0FC40FD
:106D1000B0EB440F22D2B0EEC80ADFED360A30EEF7
:106D2000C00ADFED350A60EE208A18EE900A04F002
:106D3000DCF801EE100A14F0004F1DBFDFED2F0A42
:106D40009FED2F0AB1EE411ADFED2E0A08BF9FED2D
:106D50002E0ADFED2E1A21EE218A05E0DFED2C0A46
:106D600068EE088AB0EE600A9FED2A1ADFED2A1A53
:106D700030EE080A48EE811A9FED281A08EEA11A93
:106D8000DFED271A48EE811A9FED261A08EEA11AA8
:106D900068EE281ABDEC028B01EE810A30EE200A63
:106DA00010BD4FF0E440B0EB440F0CD918EE100AC0
:106DB000FFF77AFF042808BF01F0C4F8B0EE480AD4
:106DC000BDEC028B10BD4FF07F40B0EB440F07D2FB
:106DD000B0EE480ABDEC028BBDE8104001F0A4B84B
:106DE000012001F0C7F8BDEC028BBDE8104001F0B6
:106DF000A1B800000000803F0000003F0000C9BFB4
:106E000022AAFDB90000C93F22AAFD39000000C036
:106E10000000000024FE1C3DC78AD83C1E67383D98
:106E20001B93993DAFAA2A3E70B565482DED020B24
:106E30002DED048B059D25F00044A04218DC61482F
:106E4000844202DC0AD1049840B19DED040BBDECF4
:106E5000048B02B0BDE8704001F03AB8002DCCBF01
:106E60009FED590B9FED5A0BBDEC048B02B070BD2A
:106E70005948A04215DD5948A042D8BF4FF0FF3411
:106E800055DD9DED040B51EC100BFFF7F5FE0428CA
:106E900008BF01F03DF89DED040BBDEC048B02B082
:106EA00070BD9DED040B51EC100B02F05FF8CDE9C5
:106EB00004014B489FED4C0BA0421CDD4C48A04206
:106EC0000BDD9DED042B00249FED4B1B12EE010BFF
:106ED00032EE011B80EE012B27E09DED041B9DEDA2
:106EE000042B012431EE401B32EE000B81EE002B0F
:106EF0008DED042B1BE04248A0420FDD9DED042BDD
:106F000002249FED411B9DED043B32EE412B03EE2D
:106F1000010B82EE001B8DED041B08E09DED040BC0
:106F20009FED3B1B032481EE002B8DED042B9DED8B
:106F3000040B3948062120EE009B29EE098BB0EEA8
:106F4000480B784400F07CFF20EE099B3348B0EEFC
:106F5000480B0521784400F073FF20EE080B002C4D
:106F60000BDA9DED042B39EE001B9DED040BBDECFF
:106F7000048B02B002EE410B70BD2948784439EE13
:106F8000000B00EBC4009DED042B90ED001B254889
:106F900012EE001B9DED040B31EE400B784400EB2C
:106FA000C400002D90ED001B31EE400BB8BFB1EED8
:106FB000400BBDEC048B02B070BD0000000000006F
:106FC000000010440000F07F182D4454FB21F93FCD
:106FD000182D4454FB21F9BF0000DC3F0000203E87
:106FE0000000F33F00000000000000000000F03F40
:106FF0000000E63F0000000000000000000000402C
:107000000080034000000000000000000000F83F86
:10701000000000000000F0BF32580000F8570000E8
:10702000B05700007057000070B5614E2DED040B95
:107030002DED048B82B0DDF824C0DDE907235C422E
:107040002CF000411C4341EAD474069D22F000401C
:10705000B44205D86C422C4340EAD474B4420BD9F4
:107060009DED081B9DED060B02B0BDEC048B04B03A
:10707000BDE8704000F02FBFACF14054A4F17F6434
:107080001C430BD0022404EAAC7444EAD2740543D6
:107090009FED498B9FED4A2B0DD016E09DED060B21
:1070A00051EC100B01F0D8F941EC100B02B0BDEC23
:1070B000048B04B070BD002C14BF012C9DED060B99
:1070C000F4D0022C2ED0032C2FD00B439FED3E1B6F
:1070D0009FED3F0B0AD0B1421DD1B04209D121F042
:1070E000804120F080400991079014E0002ADDDA09
:1070F00015E0394B7B44002C08BF93ED000BD5D035
:10710000012C04BF93ED000BB1EE400BCED0022C4E
:1071100008D0032C09D0B0420AD1002AC6DAB0EE5A
:10712000410BC3E7B0EE480BC0E7B0EE420BBDE742
:10713000401A00159FED2A9B3C28C8BF8DED000B1F
:1071400015DCBCF1000FBCBF10F13C0F8DED009BB6
:107150000DDB9DED061B9DED082B81EE020B51EC26
:10716000100B01F003FF01F077F9CDE9000194B1B4
:10717000012C0CD09DED001B9FED1B0B022C31EE62
:10718000400B0CBF38EE400B30EE480B8EE70198F9
:1071900080F0004001909DED000BB4EE490BF1EE44
:1071A00010FA04BF022000F0E5FE9DED000B7DE724
:1071B0000000F07F00000000182D4454FB2109401E
:1071C000182D4454FB2109C0182D4454FB21F9BF4C
:1071D000182D4454FB21F93FB05600000000000078
:1071E0000000000000000000075C143326A6A13C4C
:1071F00070B54FF068422DED048BF0EE408A18EE2A
:10720000900AB0EE608A18EE101A02EB4003B3F158
:10721000654F3CBF02EB4102B2F1654F7DD200BF2A
:10722000C0F3C753C1F3C7529A1A1B2A09DD10F0E5
:10723000004F14BF9FED830A9FED830ABDEC048BC2
:1072400070BD12F11A0F36DA11F0004F09D010F0AC
:10725000004F0CBF9FED7D0A9FED7D0ABDEC048BB6
:1072600070BD88EE889A19EE100AFFF71DFD0428FC
:1072700008BF00F067FE18EE900AFFF715FD0546FF
:1072800018EE100AFFF710FD044619EE100AFFF77A
:107290000BFD042D18BF052D08D1042C18BF052C9B
:1072A00004D1002804BF022000F064FEB0EE490AB9
:1072B000BDEC048B70BD4200B2EB410F3AD910F027
:1072C000004F19BFDFED630A9FED630ADFED630A2C
:1072D0009FED630AB0EE481A0A46B1EE688A80F064
:1072E0000041F0EE418A10460A1A5200B2F1807F46
:1072F00034D2484010F0004FDFED5A1A9FED5A2A61
:107300001DBF9FED5A1A70EEE10A30EE420A9FED62
:10731000581A08BF70EEA10A00E040E008BF30EE46
:10732000020AB0EE682A01EE482A08EE818AC2EE0F
:10733000081A15E011F0004F04BF9FED4E0AF0EE61
:10734000400AD1D010F0004F19BFDFED4B0A9FED7E
:107350004B0ADFED4B0A9FED4B0AC5E7C8EE881AD2
:1073600021EEA11A9FED482ADFED482A41EE022ABC
:107370009FED472A01EE222ADFED462A41EE022A3E
:107380009FED452ABDEC048B01EE222A21EE811AE5
:1073900001EE020A30EE210A30EE200A70BD4FF0F5
:1073A0007F42B2EB400F28BFB2EB410F09D2F0EEA3
:1073B000480AB0EE680ABDEC048BBDE8704000F0EE
:1073C000B6BD40EA01035B0008BF41F0FF410BD0AE
:1073D000B2EB400F08BFB2EB410F08D120F0804064
:1073E00008EE900A21F0804108EE101A18E7B2EB7F
:1073F000400F12BF5FEA410340F0FF4001F000413F
:107400003FF40EAFB2EB410F12BF5FEA400200F053
:10741000004041F0FF413FF403AF4A0092EA4003CD
:107420003FF5FEAE002AACBF9FED1C0A9FED1C0A83
:1074300068EE808A28EE008A18EE900A18EE101A7C
:10744000EEE60000DB0FC9BFDB0FC93FDB0F494091
:10745000DB0F49C00000C9BF22AAFDB90000C93F27
:1074600022AAFD390060ED3EC30ACE37000000BFFE
:107470000000003F00000000000049C022AA7DBAC1
:107480000000494022AA7D3A2DAD65BD8FB8D53D9B
:107490000FB511BE61C84C3EA8AAAABE0000804F1D
:1074A0000000802F000000002DE9F04D2DED040BB1
:1074B0002DED0A8B9AB0DDE92550279CDDF890A0D0
:1074C00025F0004624F00048BAF1000F14BF012156
:1074D000002101EB4502F84953184A1093422AD380
:1074E000002814BF0123002303EB44030B44F3499A
:1074F0008B4220D358EA00019FEDF19B72D0DFF858
:10750000C8B35D4503D1BAF1000F05D184E0BAF1EB
:10751000000F08BF002100D0012101EB450111F54A
:10752000001F08D8002814BF0121002101EB4401ED
:1075300011F5001F0BD99DED261B9DED240B1AB0F4
:10754000BDEC0A8B04B0BDE8F04D00F0C4BC0027D0
:10755000002DBCBFDD49884521DADD498845A8BF3B
:1075600002271CDAC3451ADCDA4901EB2851142939
:1075700008DDC1F1340220FA02F101FA02F282427E
:107580000DD108E058B9C1F1140228FA02F101FA4C
:1075900002F2424503D101F00101C1F1020756EAAE
:1075A0000A0120D1002C1EDA002D18BF022F01D0B5
:1075B000012F0AD0022000F0DDFC1AB0BDEC0A8BCE
:1075C00004B0BDE8F04D00F073BC022000F0D2FC26
:1075D00000F06EFCB1EE400B1AB0BDEC0A8B04B0AB
:1075E000BDE8F08D18E09FEDBCAB9FEDBD8B002892
:1075F0007DD1B64880451CD105F1804010F5801042
:1076000008BFBAF1000F07D0B34508DC002CA8BFB3
:107610009DED260BE0DA07E0B0EE490BDCE7002C2D
:10762000B8BF9DED260BD5DBAF48784490ED000B3D
:10763000D2E7D84548D1002C43DA2EB186423AD160
:10764000BAF1000F3DD126E0BAF1000F13D00220AD
:1076500000F090FC00F050FC8DED020B9DED240B32
:107660008DED000B10EE900A039961F31E0003905C
:107670009DED020BB0E78DED02AB9DED240B1AEEF4
:10768000901A10EE900A8DED000B61F31E0003902E
:107690009DED020BA0E78DED028B9DED240B18EE06
:1076A000901A10EE900A8DED000B61F31E0003900E
:1076B0009DED020B90E704DA9DED241B89EE010B92
:1076C0008AE79DED240B87E786421ADAB4F1804FF2
:1076D00004BF9DED240B20EE000B3FF47DAFA4F121
:1076E0000050B0F1FF500CD1002D0ADB00E008E0A3
:1076F0009DED240B51EC100B03F0C2FB41EC100B81
:107700006AE79DED240B51EC100B01F02FFCBAF150
:10771000000FCDE90E0140D19FED750B46B3A6F1E8
:10772000E040B0F17F600ED05E4536D1002D00DA2A
:1077300097B3022F0CBF01204FF0FF3000EE100A6C
:10774000B8EEC00B48E7002D01DD002C0DDA002D4E
:1077500001DD002C1DDB002D14DA002C12DB012FC3
:1077600008BF9FED650B3FF437AFB0EE4A0B33E730
:10777000022F18BF002D0CD0012F0AD1002DFFF6CB
:107780002BAF06E0002DB8BF002C06DA012F3FF426
:1077900023AFB0EE480B1FE719E0012000EBE570C6
:1077A00050EA070113D0791EB0EE498B084308BF99
:1077B0009FED538B5448002580457ADD534954484A
:1077C000884514DDB0420DDB002C19DB2CE00120D4
:1077D00000F0D0FB1AB0BDEC0A8B04B0BDE8F04D50
:1077E00000F07EBBB34502DC002C09DC1CE08642C5
:1077F00002DA002C18DA03E05E4528DD002C13DDE8
:10780000022000F0B7FB00F077FB8DED020B28EEB5
:107810000A0B8DED000B10EE900A039961F31E0028
:1078200003909DED020BD7E6022000F0A3FB00F0D1
:107830006FFB10EE901A18EE900A8DED020B8DED95
:10784000008B61F31E0003909DED020BC4E69DEDDD
:107850000E0B9FED313B30EE490B8DED040B20EE0E
:10786000002B9DED041B9FED2E0B01EE430B9DEDB8
:10787000043B9FED2D1B03EE401B9DED040B9FED84
:107880002E3B22EE012B9FED2A1B20EE011B20EE4A
:10789000030B9FED2B3B02EE430B31EE002B8DEDE6
:1078A000022B02959DED022B32EE411B30EE411B67
:1078B00021E149E000000000FFFF1F00FFFF0F0073
:1078C000000000000000F03F0000F03F0000F07FEB
:1078D0000000404301FCFFFF000000000000F07FBB
:1078E00000000000000000007A51000000000000CD
:1078F0000000000000000080000000000000F0FF19
:10790000000000000000F0BF0000E0410000F04374
:10791000FFFFEF3F00000000000000000000D03F2C
:10792000555555555555D53F000000000000E03F26
:10793000000000604715F73F44DF5DF80BAE543E92
:10794000FE822B654715F73F0020B6F5801F0BDA46
:107950009DED0E0B9FEDEC1B6FF0340020EE010B44
:1079600010EE906A8DED0E0BE94A00EB2650C6F33F
:107970001301A0F2FF3741F07F6040F04050914288
:10798000D8BF002408DDE34A8A42C8BF012403DCD3
:107990000024A0F580107F1CDF49794401EBC4016D
:1079A0000F9091ED001B9DED0E2B9DED0E0BDB4915
:1079B00031EE023B30EE410B89EE032B20EE02ABA1
:1079C0008DED02AB7944029591ED003B4FF00051F3
:1079D00041EA600000EB84408DED043B00F500209F
:1079E00005909DED043B9DED044B2AEE0ACB33EE52
:1079F000411B9DED0E3BCA48062133EE411B9DED18
:107A0000023B03EE440B03EE410B20EE02BBB0EE53
:107A10004C0B784400F014FA2CEE0C1B20EE010BFA
:107A20009DED021B31EE0A1B0BEE010B9DED021BBF
:107A300021EE011B9FEDBC2B31EE023B33EE003BF0
:107A40008DED043B04959DED043B33EE422B32EE6D
:107A5000411B30EE412B9DED020B9DED041B20EEF2
:107A6000011B9DED040B2BEE000B02EE0A0B31EE19
:107A7000002B8DED022B02959DED022B32EE411B6A
:107A800030EE410B9DED021B9FEDA92B21EE021B59
:107A90009DED022B9FEDA83B22EE032B9FEDA83B13
:107AA000A94800EE032B784400EBC40090ED000BD6
:107AB000A64832EE000B02EE107AB8EEC22B8DED26
:107AC000042B31EE003B784400EBC4009DED044BE9
:107AD00090ED002B33EE023B33EE043B8DED023B89
:107AE00002959DED023B33EE443B33EE422B32EEEA
:107AF000411B30EE411B9DED260B954A8DED000B91
:107B000000959DED260B9DED002B30EE420B9DED7B
:107B1000022B20EE020B9DED262B02EE010B9DEDBC
:107B2000001B9DED022B21EE021B8DED021B30EEA2
:107B3000011B11EE900A11EE101A8DED001B904200
:107B400024DB821A11430ED19FED831B9DED002B88
:107B50009DED023B30EE011B32EE432BB4EEC21B17
:107B6000F1EE10FA26DD022000F004FA00F0C4F96C
:107B700010EE901A18EE900A8DED020B8DED008B31
:107B800061F31E0003909DED020B25E5744B20F080
:107B900000429A420ED3734A024411437FF444AE2A
:107BA0009DED022B31EE421BB4EEC01BF1EE10FA3C
:107BB000BFF63AAE20F000416B4A6C4B002402EB5A
:107BC00021529942D8BF9DED021B27DD511C4FF475
:107BD000801222FA01F10144654BC1F30A527B4441
:107BE000A2F2FF3293ED001B624B8DED041BD340DC
:107BF00021EA0303C1F3130141F48011C2F114021D
:107C000021FA02F405930028B8BF64429DED021BDF
:107C10009DED042B31EE421B8DED021B30EE011B5E
:107C20008DED041B04959DED041B9FED532B9DEDE5
:107C3000023B21EE021B9DED042B32EE432B30EE76
:107C4000420B9FED4F2B20EE020B9DED042B9FED81
:107C50004E3B4F48052102EE030B31EE002B8DED1C
:107C6000002B32EE411B30EE41AB9DED000B20EEC0
:107C7000000B8DED040B784400F0E2F89DED001B45
:107C80009DED042B02EE401B8DED021B9DED000BC4
:107C900020EE010B9FED402B31EE422B80EE021BBC
:107CA0009DED002BB0EE4A0B02EE0A0B31EE400BBD
:107CB0009DED001B30EE410B39EE400B10EE900AAB
:107CC0008DED000B00EB045001150029C8BF019099
:107CD00013DC224651EC100BF8F7EEFBFEF7CCFF5D
:107CE000042808BF00F014F922469DED000B51EC6A
:107CF000100BF8F7E1FBCDE900019DED000B28EE3C
:107D0000000B69E400000000000000000000404398
:107D10008E9803007AB60B00EA4C0000E04D00009C
:107D2000A24C00000000000000000000000008401D
:107D3000000000E009C7EE3FF5015B14E02F3EBEF6
:107D4000FD033ADC09C7EE3FFE4B0000CE4B0000BE
:107D50000000904000000000FE822B654715973C14
:107D600000CC904000346F3F01FCFFFF0000E03F7B
:107D7000C64B0000FFFF0F0000000000432EE63F4F
:107D8000EF39FAFE422EE63F396CA80C615C20BE4A
:107D90006E4A0000000000000000000000000040EB
:107DA00000B52DED028BB1EEC08B83B018EE100A3A
:107DB00018EE901A8DED008B002818BF01200843A3
:107DC00020F00040C0F17F6000F1E040C00F14D00F
:107DD00010EE101A10EE900A8DED000B002918BF5E
:107DE0000121084320F00040C0F17F6000F1E04035
:107DF000C00F04BF012000F0BDF8B0EE480B03B087
:107E0000BDEC028B00BD10B52DED028BB1EEC08A2A
:107E100018EE100A20F00040C0F1FF40C00F0AD059
:107E200010EE100A20F00040C0F1FF40C00F04BF68
:107E3000012000F09FF8B0EE480ABDEC028B10BDA7
:107E4000491E00EBC102B0EE401B92ED000B31F079
:107E500006020DD0491E00EBC102B0EE403B92ED90
:107E6000002B31F00602B0EE420B03EE010BF1D114
:107E7000022914D004290AD0062918BF704790EDB2
:107E80000A2B00EE012B90ED080B02EE010B90ED9A
:107E9000062B00EE012B90ED040B02EE010B90ED92
:107EA000022B00EE012B90ED000B02EE010B704750
:107EB0009FED031B9FED042B81EE020B704700002A
:107EC000000000000000F03F000000000000000083
:107ED00030EE000B704730EE010B704700000000E1
:107EE0009FED031B81EE010B7047000000000000B6
:107EF00000000000000000009FED030B20EE000BCF
:107F0000704700000000000000000000000000704A
:107F10009FED030B20EE000B7047000000000000F7
:107F2000000000000000001030EE000A704730EE44
:107F3000200A7047DFED020A80EEA00A70470000B9
:107F4000000000009FED020A20EE000A70470000CA
:107F50000000001002E008C8121F08C1002AFAD170
:107F600070477047002001E001C1121F002AFBD1B9
:107F700070470000014908607047000010030024AA
:107F8000B5EEC00AF1EE10FA01DAB1EE400A704720
:107F90009FED1D1AF5EE000A40EE010ABDEEE00A63
:107FA000F5EEC00AF1EE10FA10EE100A00D2401EF3
:107FB00000EE100A9FED151AB8EEC00A30EEC00AA6
:107FC00020EE010AFCEEC00A10EE900A80B2B0F575
:107FD000007F02D330EE410A00200D4900EE900AE6
:107FE000F7EE001A01EB8000F8EE600A90ED011A3E
:107FF00070EE600A90ED000A71EEE01A21EE800A40
:1080000000EE810A7047000083F9223E0000004420
:1080100080BE000810B503884488406849686343FF
:10802000526808E0B0EC010A5B1EF1EC010A30EE88
:10803000200AA2EC010A002BF4D1002010BD01801F
:1080400042804360704700002DE9F04F9FEDAC0A7D
:1080500003884FF0000AB0F802904C681A46F7EE19
:10806000001A13E09D1AF0EE400A02E06D1EE4ECE7
:10807000010A002DFAD1551EE4EC011A03E000BFFD
:108080006D1EE4EC010A002DFAD1521E002AE9D13E
:108090006FF0040B0FE14688551C44684FF0000A4E
:1080A000904606FB022704EB8707D7ED000A12E093
:1080B00006FB0527B0EEE02A04EB870797ED000AE0
:1080C000B0EEC01AB4EEC21AF1EE10FA02DDF0EE14
:1080D000400AA8466D1C9D42EAD3F5EEC00AF1EEB7
:1080E00010FA33D09045154630D002FB065508FBF8
:1080F000062CB71A04EB8505002604EB8C0408E077
:1081000095ED000A94ED001A761CA5EC011AA4EC7A
:10811000010ABE42F4DB4D8800244E6802FB05F7DD
:1081200008FB05F806EB870706EB880609E000BFA9
:1081300097ED000A96ED001A641CA7EC011AA6EC54
:10814000010AAC42F4DB4FF0010A07E0F5EEC00A89
:10815000F1EE10FA02D15846BDE8F08F81EEA00A88
:10816000448800254768A61A02FB042C07EB8C0400
:1081700007E000BFD4ED000A6D1C60EE800AE4EC5D
:10818000010AB542F6DB4D8800264C6802FB05F774
:1081900004EB870407E000BFD4ED000A761C60EE14
:1081A000800AE4EC010AAE42F6DB00243EE000BFA8
:1081B000B0F802C045680CFB042602FB0CF705EB87
:1081C000860696ED000A04FB0CF605EB8707ACEB80
:1081D000020C05EB860606EB8205002607EB8207FC
:1081E00009E000BFB7EC011AD5ED000A761C40EE9D
:1081F000410AE5EC010A6645F4DB4D880027D1F819
:1082000004C004FB05F602FB05F80CEB86060CEB3C
:10821000880C08E0BCEC011AD6ED000A7F1C40EE89
:10822000410AE6EC010AAF42F4DB641C9442BFD37E
:10823000541C3DE0B0F802C045680CFB042602FB6C
:108240000CF705EB860696ED000A04FB0CF605EB31
:108250008707ACEB020C05EB860606EB82050026D1
:1082600007EB820709E000BFB7EC011AD5ED000A61
:10827000761C40EE410AE5EC010A6645F4DB4D88C8
:108280000027D1F804C004FB05F602FB05F80CEB4F
:1082900086060CEB880C08E0BCEC011AD6ED000A4F
:1082A0007F1C40EE410AE6EC010AAF42F4DB641C9D
:1082B0009C42BFD3521C4A45FFF4EDAEBAF1010F08
:1082C0004FF0000119D0B5EEC00AF1EE10FA14D14A
:1082D00003FB09F3426800200AE000BF02EB8004C0
:1082E00094ED000AB5EEC00AF1EE10FA02D1401C7E
:1082F0008342F3D8834200D1594608462CE7000058
:10830000000000002DE9F04F8946416803884FF0D6
:10831000000CB0F80280D9F804B0B9F80240D2F8E5
:1083200004A0DFED140A00BFD9F804500AEB8C0753
:10833000224600BFB0EE600A0E46404609E000BF8C
:10834000B6EC011AD5ED001A401E05EB840501EECE
:10835000210A0028F4D1521EA4EB0205A7EC010A61
:108360000BEB8505E6D15B1EA44401EB8801DBD154
:10837000BDE8F08F0000000010B503884488406815
:1083800049686343526808E0B0EC010A5B1EF1ECF7
:10839000010A30EE600AA2EC010A002BF4D10020A1
:1083A00010BD0000F0B5038800254F6846881A46C6
:1083B000D0F8041007EB8504304606E0B1EC010A62
:1083C000401E84ED000A04EB83040028F6D1521EFF
:1083D00005F10105EED1F0BDDFED1C0A20EE200A0B
:1083E000FDEEC00AB5EEC00AF1EE10FA10EE900AEA
:1083F00000D2401E01EE100ADFED150AB8EEC11AD8
:1084000030EE410A20EE200ABCEEC01A11EE100A2E
:1084100080B2B0F5007F02D330EE600A00200D4933
:1084200000EE900AF7EE001A01EB8000F8EE600A09
:1084300090ED011A70EE600A90ED000A71EEE01AFC
:1084400021EE800A00EE810A7047000083F9223E87
:108450000000004480BE000810B541EC100BFEF790
:10846000E3FC51EC100B10BD70B5F8F783F88020D9
:10847000F8F702FA5520F8F7FFF95520F8F7FCF95C
:10848000424C2070F8F76EF80120F9F7F1F9F8F78F
:1084900071F88020F8F7F0F95520F8F7EDF955203C
:1084A000F8F7EAF92070F8F75DF80120F9F7E0F93C
:1084B000F8F760F8B6217E20F8F7F0F9F8F752F8EF
:1084C0005020F9F7D5F9F8F755F88020F8F7D4F9E6
:1084D0005520F8F7D1F95520F8F7CEF92070F8F7C4
:1084E00041F80120F9F7C4F9F8F744F88020F8F7CB
:1084F000C3F95520F8F7C0F95520F8F7BDF92070F9
:10850000F8F730F80120F9F7B3F920781E2801D0E8
:10851000FF2070BD1D4D002060702435F8F72AF84B
:10852000607800EB40004119285C4978F8F7B6F90B
:10853000F8F718F80120F9F79BF9F8F71BF86078BD
:1085400000EB4000285C40F08000F8F795F95520DA
:10855000F8F792F95520F8F78FF92070F8F702F83C
:108560000120F9F785F96078227800EB4001294471
:108570004B78934203D08978A2781143A170401CB4
:10858000C0B260700628C9D3002070BDB8000024B6
:1085900070B5F7F7FFFF3C490020F8F761F9F7F7EE
:1085A000F1FF0120F9F764F9F7F7F4FF36490020ED
:1085B000F8F756F9F7F7E6FF0120F9F759F9F7F759
:1085C000E9FFB6211420F8F769F9F7F7DBFF50202F
:1085D000F9F74EF9F7F7DEFF2B490020F8F740F9DD
:1085E000F7F7D0FF0120F9F743F9F7F7D3FF264952
:1085F0000020F8F735F9F7F7C5FF0120F9F738F94A
:10860000214C20780F2801D0FF2070BD1E4D002086
:1086100060703635F7F7BEFF607800EB4000411917
:10862000285C4978F8F73AF9F7F7ACFF0120F9F739
:108630001FF9F7F7AFFF6078134900EB4000285CA3
:10864000F8F70EF9F7F79EFF0120F9F711F96078B6
:10865000217800EB40022A4452788A420BD0401E17
:10866000C0B2607000EB4001074824300844A17894
:1086700080780843A0706078401CC0B26070062803
:10868000C8D3002070BD0000B8000024F0B589B048
:108690001C4616460D46242107466846F7F7F1FEAC
:1086A00000200290092CCDE9005027D2DFE804F029
:1086B0000507091A1C1E20222400039003E0012153
:1086C00000E002210391324669460490059006902D
:1086D000079008903846F9F721F9002800D00220C9
:1086E00009B0F0BD0321EDE70421EBE70521E9E73F
:1086F0000621E7E70721E5E70821E3E70120EFE7A7
:108700002DE9F05FFE48FEF76DF9FD4D95ED110A7C
:10871000FCF7EEFDA5F5F27A95ED0F0A9AED003A19
:10872000A5F5DA745046D5ED101A23EE003A9AED0D
:10873000015A94ED5E2AD4ED576A05EE213ADAED3E
:10874000024A32EE662AD4ED5D2A94ED566ADAEDDD
:10875000033A04EE823A72EEC62A9AED044AD4ED48
:10876000630ADAED055A94ED641A03EEA23A04F5B1
:10877000297165EEC15AA1F10C0604EE203A35EEDE
:10878000C33A84ED483AD0ED065AD0ED074A90ED51
:10879000084A25EE800AD0ED093A90ED0A3A9AEDA2
:1087A0000B5A04EEA10A301D25EE411A04EE020A0E
:1087B00003EEA20A03EE200A31EE400A85ED0E0A0E
:1087C000DFEDD00AB0EE000AFEF720FADFF83893AA
:1087D00004F5177194ED582AD6ED011A96ED031A97
:1087E000D9F80C00A1F10C08C84F4E46D0ED160A7E
:1087F00090ED020A08F1040070EEC20A61EEA00AD0
:1088000041EE000AB2EE040AC4ED690AD7ED111A6E
:1088100095ED111AF6EE000AF8F7D0FF98ED010A6F
:1088200094ED682AD7ED061A95ED061A20EE020A95
:10883000D8ED030A31EE611A04F5907000EE810A5A
:1088400084ED6A0A94ED480AD4ED690A30EE600AB4
:10885000F7EE000A84ED480ABFEE000A01F0FCFDC5
:1088600095ED0E0AD4ED6A0A284630EE600A85EDD1
:108870000E0AF16801F04EFB7071002694F8AD010C
:108880004FF0010801282CD194ED640AFFF778FB22
:1088900010EE101A9E48814221DA95ED100AFFF77A
:1088A0006FFB10EE101A814219DA97ED100AFFF7EC
:1088B00067FB10EE101A814211DA95ED0F0AFFF7EF
:1088C0005FFB10EE101A814209DA97ED0F0AFFF7ED
:1088D00057FB10EE101A814201DA84F8AE8184F859
:1088E000AD6194F8AF0101281DD095ED0F0AFFF797
:1088F0004FFBF2EE062A8248C2EE800AD4ED5B1AE4
:1089000095ED112A543095ED121A71EEC21A90EDC0
:10891000010AD0ED032A21EE800A02EEC10A30EEF0
:10892000800A85ED0D0A94F8AE01DFF8E8B1012860
:108930004FD199F80210484631B101291FD00229C0
:1089400030D0032945D13CE09FED730A84ED5C0AE9
:1089500084ED5B0A95ED110AD7ED110A30EE600A3D
:10896000FFF70EFB10EE101A6C4A914231DA6C4A96
:10897000696C91422DDA8178491C817029E09FED64
:10898000690A84F8AF8185ED0D0A87ED0D0A664905
:108990006A6C8A421DDD7A6C8A421ADD022184F8F3
:1089A000AF610BE09FED610A84ED5B0A84ED5C0A28
:1089B00041799BF8002011430BD1032189F8021063
:1089C00007E084F8AE6184F8AD6189F8026084F84C
:1089D000AF6199F80300012808D199F801004F46CA
:1089E00040B987F8048001F05CFDB8604F4699F803
:1089F0000100E0B389F804604F469FED4D0A99F8F5
:108A0000010089F8030094F8B011014352D085EDBC
:108A10000C0A85ED0B0A84ED480A87F80180DFED2A
:108A2000450A9FED450A3648343001F015FD787847
:108A3000012802D03248FEF729F83148F0EE080A42
:108A40003030B8EE080A01F007FD2D48F0EE080AB4
:108A50002C30B8EE080A01F0FFFC95ED0C0AFFF788
:108A60008FFA10EE101A3548814209DA00E00BE067
:108A700095ED0B0AFFF784FA10EE101A814268DBBD
:108A8000BDE8F05FFDF7B8BC387901280AD101F0E4
:108A900008FDB968B946471A01F00FFD874206D3B1
:108AA00089F8046000F072FA84F8B001A4E784F851
:108AB000B061A1E77879012806D19BF80000012870
:108AC00002D195F8510018B13E7085F85180A6E7A3
:108AD00087F8008084ED480ADAED071ADAED060A15
:108AE00095ED102A95ED0F1A84ED5E0A84ED570A74
:108AF00021EEC20AF86800EEC10AD0ED160A1FE0A6
:108B00001C5400249A99993F0C0200248455002497
:108B1000CDCCCC3DE0020024295C8F3D4260E53B9A
:108B2000CDCC4C3F000070420AD7233EAE47E13D1A
:108B3000000000000000C8420000C8C20000404021
:108B4000C4ED580AD4ED6A0A30EE600A85ED0E0ACB
:108B500065E7BDE8F09F000090ED230ADFED1B0AFA
:108B60001B4A30EEC00A81ED070A90ED310AB1EEE2
:108B7000400A81ED080A90ED240AB1EE400A81ED29
:108B8000090A90ED320AB1EE400A81ED0A0AD26874
:108B900092ED140AB1EE400A80ED630A92ED000AEC
:108BA000B1EE400A80ED640A92ED160A80ED660A85
:108BB00092ED130A80ED650A91ED050A0549D1EDA4
:108BC000050A30EE600A80ED680A7047DA0F494006
:108BD0000C020024845500242DE9F04177482DED46
:108BE000048BFDF729FF754C94ED110AFCF798FBF7
:108BF000A4F13008724DD4ED0F0A98ED060AD8EDB5
:108C0000009AD4ED101A20EE200AD8ED077AD5ED9F
:108C10005E2A95ED579A69EEA00A98ED017A07EE63
:108C2000A10A72EEC92AD8ED086A47EE210A95ED2D
:108C30005D1AD5ED568A98ED026A06EEA20A31EE6B
:108C4000681A98ED095A46EE220AD8ED034A4046C2
:108C500005EE010A98ED0A4A95ED633A44EE810A61
:108C6000D0ED0B5A95ED642AD0ED043A04EE030AD8
:108C700098ED058A65EEC25A43EE830A28EE422A31
:108C800005F1E40035EEC01A32EE600A84ED0E1AEA
:108C9000D5ED690A30EE200AF7EE000A85ED390AB3
:108CA000BFEE000A01F0D8FB94ED0E0AD5ED6A0A7A
:108CB000444E204630EE200A84ED0E0A716801F021
:108CC00043F9414F30709FED410A95F8B0113A7861
:108CD00011434BD084ED0C0A84ED0B0A012038704F
:108CE00085ED390A95F8AF0101281DD094ED0F0AE2
:108CF000FFF74EF9F2EE062A304882EE801AD5EDE3
:108D00005C1A94ED112A5430D4ED120A71EEC21A95
:108D100090ED010AD0ED032A21EE800A02EEE00A6E
:108D200031EE000A84ED0D0A2448DFED290A3430C3
:108D30009FED280A01F090FB3878012802D01F48E7
:108D4000FDF7A4FE1D48F0EE080A3030B8EE080A20
:108D500001F082FBBDEC048BF0EE080AB8EE080AC5
:108D6000BDE8F04115482C3001F076BB012802D156
:108D700094F8510018B1002084F85100B2E785ED55
:108D8000390AD8ED071AD8ED060A94ED102A94EDA9
:108D90000F1A85ED5E0A85ED570A21EEC20A70684A
:108DA00000EEC10AD0ED160AC5ED580AD5ED6A0AE3
:108DB00030EE200A84ED0E0A94E70000845500246A
:108DC00068520024E00200240D020024000000008C
:108DD0000000C8420000C8C290ED070ADFED090A92
:108DE00030EE200A81ED070A90ED150A81ED080AA0
:108DF00090ED080A81ED090A90ED160A81ED0A0A44
:108E000070470000DA0F494010B5082A0C460346A7
:108E100042D12078F2EE090A00F00F009880207805
:108E2000BAEE090A0009D880B4F8010040BA986087
:108E3000E1782279090141EA1211D9602179627938
:108E400001F00F0142EA01211961102102F06CF8D2
:108E500083ED070AD8680C21F3EE0E0ABBEE0E0A6A
:108E600002F062F883ED080A18690C21F2EE040A98
:108E7000BAEE040A02F058F883ED090AA07900EE70
:108E8000100AB8EE400A83ED0C0AE07900EE100AF1
:108E9000B8EE400A83ED0D0A10BD000010B5082A97
:108EA0000C46034642D12078F2EE080A00F00F008B
:108EB00018812078BAEE080A00095881B4F8010038
:108EC00040BAD860E1782279090141EA12111961AA
:108ED0002179627901F00F0142EA012159611021E3
:108EE00002F022F883ED080A18690C21DFED100A60
:108EF0009FED100A02F018F883ED090A58690C2159
:108F0000F3EE020ABBEE020A02F00EF883ED0A0A43
:108F1000A07900EE100AB8EE400A83ED0D0AE07960
:108F200000EE100AB8EE400A83ED0E0A10BD0000F4
:108F300000003442000034C21CB51144FF228DF8F9
:108F40000420FC238DF8002089B28DF805208DF8CF
:108F500001208DF806208DF802208DF803206A4646
:108F60008DF807300823FFF791FB1CBD82B0CDE9D7
:108F7000000121F0004001909DED000B02B051EC8A
:108F8000100B7047B0EEC00A704700000648074952
:108F90000068006D884202D80549884201DB012043
:108FA000704700207047000050010024CDCC4CBF1A
:108FB000CDCC4C3F33B50C4605462DED020B2DEDC7
:108FC000108B83B09DED130AFEF7E2FFB0EE40CAAE
:108FD0009DED140AFEF7DCFFB0EE40BA9DED130ADA
:108FE000FFF7FAF9B0EE40DA9DED140AFFF7F4F955
:108FF000F0EE40BAF2EE0E0A3DEE6B0AF3EE001A06
:109000009FED7A2A2BEE201A6CEE600A20EE000A01
:1090100071EE200A20EE020A30EEA11AF1EE408A2B
:1090200061EE010A21EE418A70EE200AB7EEE00AF5
:10903000FEF7B6FE78EE881AB7EE002B9FED6C1A9D
:1090400082EE003B31EE810AB7EEC00AF7EEC3CBE9
:10905000FEF7A6FEB7EEEBEA9FED669B9FED678BF2
:10906000B6EE00ABB7EECC1AB7EECDDA8DED001B45
:1090700021EE083B2DEE092BB7EEC00BB7EECBBAB5
:109080006CEE800A0EEE492B0BEE083BB7EEE0CA01
:10909000B0EE430B22EE0C1B01EE0A0BB0EE001BF0
:1090A000FEF702FAB0EE40FB9FED562B2DEE080BBB
:1090B0009FED563B9DED001B21EE021B0EEE080BB3
:1090C0000BEE091B31EE031B21EE0C1B01EE0A0B0C
:1090D000B0EE001BFEF7E8F93FEE000BFEF760FE76
:1090E000B7EEC00B85ED000A9DED130AFEF750FFA9
:1090F000B0EE40CA9DED140AFEF74AFFF0EE40BA0A
:109100009DED130AFFF768F9F0EE40CA9DED140AD1
:10911000FFF762F9F2EE0E0AB0EE40DA2BEEA01A7B
:109120006CEE600A3CEEC00AB3EE002ADFED2F1AA7
:1091300071EE200A20EE000A70EE820A20EE210A6B
:1091400020EEA01A20EEE0BAF1EE40DA70EE010A4D
:10915000B7EEE00AFEF724FEB7EE002B7DEE8B1A89
:1091600082EE003B9FED221A31EE810AB7EEC00A73
:10917000B7EEC3BBFEF714FEB7EECC1A9FED216B22
:109180009FED225BB7EEEC3A21EE066BB7EEEB2AD1
:10919000F7EEC00BB0EE4D0A23EE097BB7EEC04AE6
:1091A0006BEE200A02EE096B04EE497B21EE081BF0
:1091B00023EE083BB7EEE00A02EE081B04EE083B84
:1091C00027EE002B36EE054B02EE0A1B24EE004B79
:1091D000B0EE430B04EE0A0BFDF726FFB7EEC00B13
:1091E00084ED000A03B0BDEC108B3FBD000061436D
:1091F00000004445333333333333B33F33333333F6
:109200003333A33F333333333333B3BF7B14AE47EE
:10921000E17AB43F30EE410A9FED051A70EEE10AA3
:1092200030EE410A80ED000AC1ED000A70470000EF
:10923000DA0FC93F33B50C4605462DED040B2DED75
:10924000108B99B09DED290AFEF7A2FEF0EE40FAD0
:10925000CDED0AFA9DED2A0AFEF79AFEB0EE408A9D
:109260009DED290AFFF7B8F8B0EE409A9DED2A0A65
:10927000FFF7B2F8F0EE408A9FEDFDEB9FEDFEDBCD
:10928000DDED0AFAB7EEC84A9DED2A0ADDED290A9E
:10929000B7EEEF3A30EEC00AF2EE0E0AB7EEC91A98
:1092A0002FEEE0CA8DED0F0AB7EEE82A23EE0EABE3
:1092B00024EE0E7B21EE0E6B22EE0E5B23EE0D3BB9
:1092C00024EE0D4B21EE0D1B22EE0D2BDFEDEC9A63
:1092D00068EE20CAB7EEC5BB69EE290AB7EEC18BAE
:1092E000F0EE60FA68EEA90AF7EECA9BCDED090A26
:1092F000B7EEC21BB7EEC7AB8DED041AF7EEC6ABE7
:10930000F7EEC3BBB7EEC4FBFFF766F83CEE8C4A42
:1093100079EE680A3AEE693A7AEECBCAF3EE003A91
:10932000DFEDD81A9FEDD81A9FEDD82B20EE011A49
:1093300020EEA00A74EE230AB7EEC33A20EE210A0B
:1093400060EEA01A20EEE09AF0EE6F0AF1EE409A7D
:1093500030EE817A33EE023B8DED0B7ADDED090ABA
:1093600030EE812A70EE210A8DED0C2AB7EEC3ABE8
:10937000B7EEE00AFEF714FD79EE891AB7EE002B7E
:109380009FEDC41A82EE003B31EE810AB7EEC00AAF
:10939000B7EEC39B29EE091A21EE09CAFEF700FDBC
:1093A000F7EEC0AB2CEE890A60EE2A0AB7EE000A8F
:1093B000C0EE2A9A2AEE090A20EE2A1AB6EE000A10
:1093C00060EE800AB6EE000A21EE000A3BEE8F1A2C
:1093D00071EE20FA9DED041A38EE011A6FEEAF0A15
:1093E00031EE00BA2BEE0B0A30EE800AB7EEC00A5F
:1093F000FEF7D6FCB7EE003B9DED0A1A83EE004B5C
:10940000DDED2B0A21EE091A28EE892A21EE2A1A0F
:1094100022EE2A2AB7EEC11AB7EEC22AB7EEC40B63
:1094200060EE800AB7EEE06ADDED2C0A20EE800ADD
:10943000B7EEC00A8DED140B28EE090A40EE2ABAE9
:10944000B7EEC80AB5EE008BB7EEEB4AF0EE4BBABA
:10945000B0EE6FBA01EE4D0B6FEE091A9DED041AD6
:1094600001EEAA1AB7EECB3AB7EEC15AB7EECF1A51
:1094700002EE4D1BB7EEEB2A8DED122B9DED0B7A14
:1094800027EE0A7A67EE097A27EE0C7A67EEA97A58
:1094900027EE2A7AB7EEE7BAB7EEC77A0BEE484B5B
:1094A00007EE484B9DED0B7A2CEE877A24EE022BCB
:1094B00027EE094A24EE294AB7EEC44A04EE080B07
:1094C00027EE0C4A24EE2A4AB7EEC44A04EE080BF3
:1094D00003EE402B22EE060B9DED0C2A2CEE824A69
:1094E00024EE092A22EE292AB7EEC22A02EE485BB0
:1094F0009DED0C2A22EE0A2A62EE092A22EE0C2A9F
:1095000062EEA92A22EE2A2AB7EEE26A64EE0C2A5B
:1095100062EEAA2A06EE081BB7EEE24AB7EEC22AAE
:1095200004EE485B02EE081B9DED122B25EE033B7B
:1095300002EE413B9DED141B01EE430BB7EEC00B59
:1095400085ED000A9DED290AFEF722FDF0EE40FAB6
:109550009DED2A0AFEF71CFDF0EE409A9DED290ACA
:10956000FEF73AFFB0EE409A9DED2A0AFEF734FF6F
:10957000B2EE0E2AF0EE080A6FEEC2CAB2EE0E2A62
:109580002FEEA03AB0EE40CA29EE822A9DED0F0AD6
:109590008DED103A8DED012AB7EEE92A69EEA03A79
:1095A000B0EE4E1BCDED0F3A22EE0E3B22EE0D2B10
:1095B000F7EEC39B29EE203A6CEE203ADFED300A3D
:1095C000F7EEC2BB8DED0E3ACDED0D3A69EE200AF5
:1095D000B7EEC92ACDED0B0ADFED290A6CEE200AA1
:1095E00022EE0E3B22EE0D2BCDED050AB7EEC3ABFE
:1095F000F7EEC2EBB7EEEF2A22EE013B22EE0D2B87
:10960000B7EEC3BBB7EEC2FBB7EECC2A22EE011B0E
:1096100022EE0D2BF7EEC1ABB7EEC22B8DED062A75
:10962000FEF7DAFE39EECB4A9DED012A9FED171BBE
:1096300079EE4C0AB7EEC44A32EE2C3AB3EE002A69
:10964000DFED112A60EEA00A33EE022ADFED0D3ABB
:1096500034EE011B60EE222A20EEA30A3AEE6AAA3B
:1096600022EE023A22EE429ADDED0B0A14E00000EF
:10967000333333333333B33F333333333333A33FB2
:109680000000F043000061430000E1437B14AE475B
:10969000E17AB43F0000444530EEA22ADDED050A30
:1096A000F7EEC1CBB0EE42EA30EEA22A70EE030A2A
:1096B000F1EE409A8DED0C2AB7EEE00AFEF770FB52
:1096C000B7EE001B79EE892A81EE003B1FED0F2AD1
:1096D00032EE820AB7EEC00AF7EEC39B29EEA91A52
:1096E00021EE299AFEF75CFB9DED103ADDED0F3A75
:1096F000B7EEC0BB33EE233A6FEEA92ADDED0D3A8B
:10970000B7EE002AF0EE43FA9DED0E3AB7EEEE1AF0
:1097100033EE233A6CEE296AF0EE4FAA8DED023A51
:1097200082EE0B3A22EE8B2AB7EEEB0A2EEEA96AF6
:109730002AEE295A6BEEA95AB7EEC22A46EE0BAAB8
:109740006CEEA93A02EE4D1BB0EE4E2A66EE8B2A65
:1097500022EE2C7A27EE292A22EE032AB7EEC24AFD
:109760003FEE2B2A63EE8BBA8DED092AB0EE4E2A1E
:109770009DED06EA2AEE02FAB7EEE22A6FEE296ABA
:1097800005EE8BEA67EE095A02EE4D0B9DED0C2AB1
:109790002AEE026A22EE2CCA9DED062A66EE293ACE
:1097A0003EEE82DAB7EEEA2A2CEE297A63EE839A4D
:1097B00026EE096A67EE037A25EE8B7A04EE482BD3
:1097C00025EE0B4A26EE835ADFED3D4A6FEE095A2D
:1097D0006CEE096AB7EEC5AAB0EE6F9A6BEEA4EA1A
:1097E00065EE8B5AB7EECE3A26EE0B6A66EE8B6AC2
:1097F000B7EE005A0AEE081B24EE24AAF6EE004A41
:1098000024EE24EA79EE0ADAB7EEE9AAB7EEE79A8F
:10981000B7EEC77AF6EE004A9DED024A9FED29CBDE
:109820000AEE483B2DEEADAA6BEEA4DA74EE2EAA3A
:10983000B0EE4C4B09EE080B6AEEAAAA3AEE2AAA41
:10984000B7EEE59ADDED095A07EE482B35EE8ECAE4
:109850007DEE2D5AB7EEC6BAB7EECC7A09EE081BEC
:1098600022EE072BB7EEE5CAC5EE0A5A0BEE483BCF
:10987000B7EEE66A0CEE012B06EE080B23EE0C1B8E
:1098800007EE001B9DED2B0A60EE250A9DED2C0ACC
:1098900020EE250AB7EEE05AB7EEC03A22EE050BED
:1098A00021EE031B20EE040B01EE040BB7EEC00B00
:1098B00084ED000A19B0BDEC108B06B030BD00007D
:1098C00000002042000000000000B94033B50C4603
:1098D00005462DED040B2DED108B97B09DED270A5D
:1098E000FEF756FBB0EE40AA8DED06AA9DED280AC4
:1098F000FEF74EFBF0EE40EA9DED270AFEF76CFD09
:10990000F0EE40AA9DED280AFEF766FDB0EE40EAB3
:109910009FEDFD8B9FEDFE9BB7EECEDAF2EE0E0AC9
:10992000B2EE0E5AB7EEEACA8DED0CDB9DED06AA3B
:10993000B7EEEEBA6AEE600AB7EECA1AB0EE4BFBAB
:109940002BEE083B8DED121B8DED0ECB9DED280A05
:109950009DED272A2CEE084B32EE400A21EE082B13
:109960002DEE086B21EE091B2FEE097B8DED0A0A07
:10997000B0EE40BA9FEDE8AA2EEE850A2DEE095B07
:109980008DED030ACDED000A2CEE090BB7EEC11BDD
:109990006AEE8ABAF7EEC71BB0EE6BCAF0EE41EA88
:1099A000F7EEC00BB0EE4B0ACDED081AB7EEC51BB3
:1099B000B0EE60DAB7EEC2AB8DED071AF7EEC3BBBF
:1099C000F7EEC4CBF7EEC6DBFEF706FDB0EE401AAD
:1099D0009DED030ADDED000A7AEECE1A3BEECA2AAF
:1099E00070EE203A3CEEEDBAF3EE002ADFEDCB0A42
:1099F0009FEDCB0A73EEA23A21EE003A21EEA10AC6
:109A00009FEDC81BB7EEC22A20EE200A63EEA30A20
:109A1000F0EE4CBA23EEE3AAF1EE40AA70EE200A73
:109A200032EE011B3BEE83CAB7EEE00AF7EEC1CB84
:109A3000FEF7B6F97AEE8A1AB7EE002B9FEDBB1A45
:109A400082EE003B31EE810AB7EEC00AF7EEC3ABFF
:109A50002AEEAA1A61EE2ABAFEF7A2F9B7EEC00BF7
:109A60009DED06AADDED081AB0EE6E1A6AEE2A0A1E
:109A700071EE213A9DED071A60EE800AB7EEE02AFA
:109A8000F0EE4D0A30EE813AF7EE000AC0EE801A91
:109A90009FEDA74BF0EE4D0A6CEEAA5A22EE042B76
:109AA0006CEE2C4A24EEAB5A64EEAA4AB7EEC21B07
:109AB00064EEA14A25EE005A30EE812A60EEAA0A31
:109AC000B0EE6E1A60EE800A71EE202A2BEE0C1AB0
:109AD0006BEE2A0A21EE2B4A21EE2A1A60EE800A4A
:109AE000B0EE08AB24EE004A21EE211A65EE801A92
:109AF000B5EE000A25EE400AB0EE61CA72EE802A89
:109B0000B6EE000A20EE800A73EE80CAB5EE000AB7
:109B100024EE000A32EE002AB5EE000A24EEC00A56
:109B200072EE80DAB6EE000A21EE800A73EE00BA19
:109B3000B5EE000A21EE000A9DED121B32EE00BACE
:109B4000B7EEE02A21EE0A0B0FEE0A0B9FED7A1B0F
:109B500002EE010BB0EE001BFDF7A6FCB0EE40EBF1
:109B60009DED0E0BF0EE4C1A20EE0A0BB7EEE13A2B
:109B70009FED712B9DED0C1B01EE0A0BB0EE001B4F
:109B800003EE020BFDF790FCB0EE401B2CEEAD0A8D
:109B90003EEE012B0BEE8B0A9FED691BDDED2A0AD1
:109BA00020EE200AB7EEC00A20EE010B80EE02EB99
:109BB0002CEEAC0A0BEEAB0AB7EEC00AFEF7F0F8DB
:109BC0009DED291A2CEE8B2AB7EEC11A0BEEED2A69
:109BD0008DED0C1B81EE003BB7EEC20A03EE40EBAD
:109BE000B7EECE0B85ED000A9DED270AFEF7D0F902
:109BF000B0EE40EA9DED280AFEF7CAF9F0EE40EA21
:109C00009DED270AFEF7E8FBF0EE40BA9DED280A2D
:109C1000FEF7E2FBB7EECEDAB0EE40BAB0EE481B8C
:109C2000B7EEEBCA2DEE080B2CEE082B2DEE093B00
:109C3000B7EEEEFAF7EEC08BB7EEC30B2CEE093B96
:109C4000B7EEC28B8DED060A9FED330AF7EEC30B1C
:109C50002BEE002A8DED022A9DED0A0AB0EE492B6B
:109C6000CDED080AF2EE0E0A6EEE600ACDED000AA6
:109C7000F2EE0E0A2EEEA03AB7EECBEA8DED033AE5
:109C80002FEE013B2EEE011BF7EEC39B2FEE023BA6
:109C9000B7EEC19B2EEE021BF7EEC30BB7EEC12B46
:109CA000CDED010A8DED052AFEF796FB9DED033AF9
:109CB000DDED000AB0EE401A3BEECB0A33EE202A6F
:109CC000F3EE000A79EEE81A78EE498A32EE203A8D
:109CD000DFED133A20EE000A9FED102A63EE030A2F
:109CE00023EE438A21EE233AB7EEE11A20EE020A70
:109CF0009FED0C2B70EE200AB1EE409A31EE021B64
:109D0000B7EEE00A20E00000333333333333B33FA0
:109D1000333333333333A33F0000F0430000614358
:109D20000000E1437B14AE47E17AB43F00004445B4
:109D3000333333333333A3BF00000000000044400B
:109D4000000000000000B940F7EEC1BB9DED022A03
:109D500072EE039AFEF724F8B7EE002B79EE081A9C
:109D600082EE003B1FED0F1A31EE810AB7EEC00AFA
:109D7000B7EEC38B28EE081A21EE089AFEF710F80A
:109D8000B7EEC00BB7EE003A6BEE083A1FED182B9A
:109D900028EE884A6BEE884ADDED010A69EEAB5A7F
:109DA000B5EE001AC3EE001A23EE803A60EE880A80
:109DB00025EE896A65EE885AB7EEC33A60EE800AEE
:109DC00066EE006A23EE022B28EEA93A63EE093A0A
:109DD00023EE085A24EE003A24EE804AF7EEC22B16
:109DE0008DED0B4A9DED052A63EE803A9DED060A46
:109DF00032EE207ADDED080A63EEC13AB5EE001AC4
:109E000030EE822ADDED010AF6EE004A70EE207A8D
:109E100025EE210A25EEA15A66EE811A24EE244A87
:109E200070EEA22A20EE410A23EE246A32EE048A62
:109E300072EEA11AB7EEC32A77EE230A25EE011AB5
:109E400077EE868A30EE809A71EE819A1FED461B7E
:109E50002DEE0A0B0FEE0A0B02EE010BB0EE001B0B
:109E6000FDF722FBB0EE40BB2CEE0A0B9DED0B4A3A
:109E70001FED4F1BB7EEC42A0EEE0A0B02EE010BCC
:109E8000B0EE001BFDF710FBB0EE402B28EEA90A48
:109E90001FED551BDDED2A0A3BEE022B08EE090AE9
:109EA00020EE200AB7EEC00A20EE010B80EE02ABD6
:109EB00028EEA80A08EE080AB7EEC00AFDF770FF00
:109EC0009DED0C1B81EE002B28EE890A08EE690A35
:109ED000B7EEC00A02EE40ABB7EECA0B84ED000A43
:109EE00017B0BDEC108B06B030BD012170EE601ACA
:109EF0008140491E31EE600A00EE901AF8EEE00A49
:109F000061EEA00A80EE801ABDEEC10A10EE100AC2
:109F10007047000010B590ED0F0A0446FEF738F8C0
:109F200094ED0D1AF1EE080A064941EE000A10EE12
:109F3000900AC4ED130A884201DA012010BD002006
:109F400010BD00000000A04010B590ED0F0A0446BF
:109F5000FEF71EF894ED0D1AF1EE080A064941EEDF
:109F6000000A10EE900AC4ED130A884201DA0120BB
:109F700010BD002010BD00000000A04002808180C4
:109F80007047000080EC030AF7EE001A05494167AC
:109F9000054981670549C0ED0C1AC1670449C0F83D
:109FA00080107047B59F0008F39F0008BD9F000810
:109FB0003D6200080C3080EC060A704710B590ED49
:109FC000160A0446FCF794FEB1EE400A84ED190A25
:109FD000D4ED180A94ED170AFDF70AF984ED1A0A70
:109FE000D4ED100A94ED130AFDF702F984ED1B0A73
:109FF00010BD10B504462DED088B90ED060AD0ED8E
:10A00000070A90ED081A20EE000A00EEA00A01EE01
:10A01000010AB7EEC00AFDF7C3FEB7EEC00BD4EDE0
:10A02000071A94ED081A94ED062A94ED189A94ED07
:10A03000178AD4ED168A04F12400D4ED017A81EE5A
:10A04000807AD0EC033A183894ED025AD4ED005AD5
:10A05000D4ED0C1AB6EE00BAD0EC039A183081EEAB
:10A06000006A94ED0D1AC2EE006A27EE092A66EE28
:10A07000282A06EE482AC4ED066A26EE883A46EEFD
:10A08000C92A27EE828AD4ED0E0A07EE683A84EDDB
:10A09000077A48EE053A67EEA26A84ED086A25EE73
:10A0A0000B6A27EE837A06EE854A94ED0F0A47EE97
:10A0B000054AB0EE635A05EE825AF0EE446AC0ECEF
:10A0C000033A45EEA26AB0EE647A183835EE292AD2
:10A0D00005EE837A76EE8A2A21EE425A62EE214A12
:10A0E00037EE2A3A00EEE25A62EEA13A80EC032AF9
:10A0F00040EE834A23EE214A41EE433A00EE435AB2
:10A1000001EE224A40EE624A40EE023A45EE061A5D
:10A1100000EEC24A04EE861AC4ED0C1A61EEA11AD2
:10A1200043EE860A04EE060A84ED0D1A41EE011A8A
:10A13000C4ED0E0A84ED0F0A40EEA01A40EE001A9C
:10A14000B7EEE10AFDF72CFEB7EEC00BD4ED0C2AFA
:10A1500094ED0D2AD4ED0E1A94ED0F1A2046C2EE9E
:10A16000800AC2EE002AC4ED0C0A81EE802AC4EDFA
:10A170000D2AC1EE001A84ED0E2AC4ED0F1AD4F890
:10A180008010BDEC088BBDE8104008471FB50024C7
:10A190000094019402940394F8F7A2FA01258DF833
:10A1A0000C501F208DF8080087218DF809108DF8BC
:10A1B0000D5068468DF800508DF80A408DF80E401D
:10A1C0008DF8014001948DF80B408DF80F40F8F7A1
:10A1D00059FA0420F8F792FAF8F7E0F9FCF722F9B7
:10A1E000FBF7E8FEFBF738F9FBF7CAF9FBF7B6F81F
:10A1F000FBF7E8F8FBF734FAFBF7F6F94FF4F070E9
:10A20000F7F74AF8124C0122D1032046F8F7B3F9C8
:10A2100010480021F6F7C6FA0028F9D10E480122AD
:10A22000510305702046F8F7A6F901222046910354
:10A23000F8F7A1F9F7F7BCF8F7F7F0F8FAF760FCD0
:10A2400000F03EF9FBF7F6F800F068F9FEE70000D1
:10A25000000802585404002400000024F0B50B301C
:10A26000154D20F007010024144A0FE003688B42CB
:10A270000BD38B4205D95E1A43184768C3E90067C0
:10A2800000E04368136002C004E0021D106800286B
:10A29000ECD12046002802D1286808B10020F0BD8A
:10A2A000064A07481060074A121A22F00702C0E95E
:10A2B000002401202860D7E70C03002408030024B1
:10A2C00034560024305800242DE9FC41F0EE413A88
:10A2D000F0EE602AB0EE613AB2EE091AFAEE090A1F
:10A2E00005460C461020FFF700FEB3EE0E1AFBEEFB
:10A2F0000E0AB0EE620A07460C20FFF7F6FDDFED0E
:10A30000222A9FED201AB0EE630AF0EE620A06469A
:10A310000C20FFF7EAFDB1EE041AF0EE620AB0EE8F
:10A32000430A03460C20FFF7E0FDB2EE041AFAEEF2
:10A33000040AB0EE420A02460C20FFF7D6FD8DF863
:10A340000430110112098DF805204FEA061C6A46F7
:10A350004FEA172E8DF800E041EA10218DF80170C8
:10A360008DF8061036094CEA132C8DF8026008238C
:10A3700021468DF803C08DF807002846FEF786F9C0
:10A38000BDE8FC810000FA43000000002DE9FC411B
:10A39000F0EE413AF0EE602AB0EE613AB2EE081A01
:10A3A000FAEE080A05460C461020FFF79EFD9FEDC9
:10A3B000261ADFED260AB0EE620A07460C20FFF7E8
:10A3C00094FDDFED242A9FED221AB0EE630AF0EE31
:10A3D000620A06460C20FFF788FDB1EE041AF0EE83
:10A3E000620AB0EE430A03460C20FFF77EFDB3EE8F
:10A3F000021AFBEE020AB0EE420A02460C20FFF7F8
:10A4000074FD8DF80430110112098DF805204FEA12
:10A41000061C6A464FEA172E8DF800E041EA10212B
:10A420008DF801708DF8061036094CEA132C8DF862
:10A430000260082321468DF803C08DF807002846E6
:10A44000FEF724F9BDE8FC8100003442000034C26C
:10A450000000FA430000000090ED001AB4EEC01AAC
:10A46000F1EE10FA02D280ED000A06E0B4EEE01A36
:10A47000F1EE10FA03DDC0ED000AFBF7BDBFF6F701
:10A480007FBF70B50546FAF727FB10B16FF00504E2
:10A4900005E04FF0000415B1284600F097FE204675
:10A4A00070BD10B5FAF718FB18B1BDE8104001F007
:10A4B000EFB9BDE8104001F0E5B94FF47A7070478C
:10A4C00010B5FAF709FB10B16FF0050010BD01F0EF
:10A4D000CBF9012802D10549086810B14FF0FF30CF
:10A4E00010BD01220A60002010BD00008C00002475
:10A4F00010B5FAF7F1FA10B16FF0050010BD01F0D8
:10A50000B3F920B1022804D04FF0FF3010BD012074
:10A5100010BD00F011FF002010BD000010B5FAF7CB
:10A52000DBFA10B16FF0050010BD01F09DF90128B4
:10A5300003D108480168012902D04FF0FF3010BD57
:10A54000054A002182F8141D0221016000F0B2FECC
:10A55000002010BD8C0000240BE000E070B5FAF77D
:10A56000BBFA10B16FF0050413E001F07DF94FF074
:10A57000FF3510B102280BD108E0012401F096FA52
:10A58000012806D001F070F910B102E0002400E0CB
:10A590002C46204670BD2DE9FF41002514460F468C
:10A5A00006460395FAF798FA60BB5EB34FF0800257
:10A5B0004FF018004FF000014CB3236803B1194667
:10A5C000A3691BB118465B1E382B02D22379DB0727
:10A5D00003D0002004B0BDE8F081636903B19A089C
:10A5E000D4F808C0BCF1000F0DD0E5685C2D19D37C
:10A5F00024693CB133B18DE811103B46304601F07F
:10A60000F9F803900EE0E36863B9236953B903AB2B
:10A6100092B2CDE900033B46304601F0BBF8012879
:10A6200000D003950398D5E72DE9F0411A4C0F4669
:10A630000546E6682068001D00F08AFC681C15D1FC
:10A64000A7B1164922684868906023688268DA607A
:10A6500022688368121D5A602268121D8260206879
:10A6600041610868401C0860BDE8F08120683544FD
:10A67000B5424560216805D2E06B091DBDE8F04197
:10A6800000F0A0BCA06B091D00F09CFCA06A8542F4
:10A69000EAD2A562E8E7000038000024B00A0024EE
:10A6A0002DE9F041054600F0A5FC354C354FA0687A
:10A6B000401CA060206810B1606930B32BE02560B9
:10A6C000A068012827D1002606EB860007EB800052
:10A6D00000F06AFC761C382EF6D32B4800F064FCA0
:10A6E0002948143000F060FC2748283000F05CFC5A
:10A6F00025483C3000F058FC2348503000F054FC12
:10A700002148A0631430E06305E0E86A2168C96A63
:10A71000814200D82560606A401C60626864E86A13
:10A720002169884200D9206100EB8000291D07EBD8
:10A7300080004068A8608268EA6082685160816039
:10A74000E86A00EB800007EB8001696157F8201090
:10A75000491C47F8201000F06DFC606900280CD0FF
:10A760002068E96AC06A884207D208494FF08050E1
:10A770000860BFF34F8FBFF36F8FBDE8F08100001B
:10A780003800002400060024600A002404ED00E0E4
:10A7900038B500F02FFC104C2068C8B90F4800F005
:10A7A00003FC0E48143000F0FFFB0C490020E16070
:10A7B00014312161A1F582730090A1F1B40210213E
:10A7C0000A2000F08DFE206010B105A100F0B4FC5D
:10A7D000BDE8384000F02EBC78000024B40B002403
:10A7E000546D72510000000030B4026C0B46002A18
:10A7F0000BD0D0E902411144C160A14201D30168EC
:10A80000C160184630BCF5F723BE30BC704710B5A8
:10A81000044690F8590058B101280CD002280FD0F6
:10A82000502080F31188BFF34F8FBFF36F8FFEE787
:10A83000206B00F013FC2046BDE8104000F00EBC79
:10A8400010BD00000F484FF4705110B5420706D0FC
:10A850000C49C01D20F00700411AC1F570510A4C87
:10A86000002201440839A4F1140321F00701C4E9CE
:10A8700000020C1A19604A600A60C0E900149C606A
:10A880005C6010BD94120024A4000024144E4FF00C
:10A890008058144CDFF85090A6F29C4712E000BF9D
:10A8A00000F0A8FBF068C568281D00F051FBA06807
:10A8B000401EA0606068401E606000F0BBFB284640
:10A8C000FFF7A5FF60680028EAD138680128F9D9A8
:10A8D000C9F80080BFF34F8FBFF36F8FF2E700001E
:10A8E0009C0A00243800002404ED00E070B51D46E9
:10A8F000049C51B1C4F80020C4E90F010121204695
:10A9000000F012FE84F84C5070BD2460F4E72DE98D
:10A91000F0470D46994691001746DDE90984089EE7
:10A92000A5228246206BF5F7A5FD206B6FF0030191
:10A9300001EB8701084420F00707780707D0502073
:10A9400080F31188BFF34F8FBFF36F8FFEE765B1C0
:10A9500000202218295C82F83410295C11B1401CB7
:10A960001028F6D3002084F84300382E07D3502057
:10A9700080F31188BFF34F8FBFF36F8FFEE7E6625E
:10A98000201DE66400F01BFB04F1180000F017FB2B
:10A990002461C6F1380064624A465146A0613846D7
:10A9A00000F032FAB8F1000F206001D0C8F8004082
:10A9B000BDE8F08730B5114900E011460A688242CF
:10A9C000FBD34B685C18844203D144680846234497
:10A9D0004B6043681D18954209D1084C143C24680B
:10A9E000A24209D052681A4442600A6812680260A2
:10A9F000814200D0086030BD0460F9E7A400002463
:10AA000070B50D4D914241604FF00004006106D8D1
:10AA10008169D21A8A4206D2011D286907E09A424A
:10AA200003D2994201D3012403E0011DE86800F03C
:10AA3000C9FA204670BD00007800002410B5044615
:10AA400000F0D8FAA06B28B15FF0000400F0F2FA31
:10AA5000204610BD0124F9E770B506460D480D46A5
:10AA6000C068C068C468201D00F072FA94F828001D
:10AA7000410705D52A463146204600F0BBF803E0E1
:10AA800000F0FE0084F82800216A2046BDE87040EE
:10AA9000084700007800002470B53A4E86B067E0A1
:10AAA0000098002806DA019ADDE902019047009833
:10AAB00000285DDB029C606910B1201D00F048FA9F
:10AAC00004A800F0B9F8054600980A2850D2DFE83B
:10AAD00000F04F0505282B430505282B94F8280086
:10AAE0002A4640F0010084F82800A1690198014439
:10AAF00003462046FFF784FF28B394F82800410757
:10AB000007D501982A46A1690144204600F072F851
:10AB100003E000F0FE0084F82800216A2046884700
:10AB200026E094F828001FE094F8280040F0010087
:10AB300084F828000198A06130B141192B461A46CB
:10AB40002046FFF75DFF13E0502080F31188BFF32C
:10AB50004F8FBFF36F8FFEE794F82800810703D46F
:10AB6000204600F07BFA03E000F0FE0084F82800A5
:10AB700030680022694600F035FD002890D106B00B
:10AB800070BD000078000024F8B50D46064600F0C0
:10AB9000D3FB684600F050F80446009810B100F06E
:10ABA00085FFF8BD1148ADB101690968D9B100252B
:10ABB0000068311B2A4600F0E7FA00F077FF002812
:10ABC000EFD10B494FF080500860BFF34F8FBFF3B8
:10ABD0006F8FF8BDA642EBD800F068FF21463046E3
:10ABE000FFF73AFFF8BD0125E2E7000078000024F6
:10ABF00004ED00E070B516460C46054604E0A86971
:10AC0000296A044428468847A86923463246011920
:10AC10002846FFF7F5FE0028F1D170BD0548816B8D
:10AC2000096821B1816BC9680968816270474FF07A
:10AC3000FF31FAE7380000242DE9F041064600F024
:10AC400021FE0E4C0546A068854214D24FF0FF3716
:10AC500004E0C06839460068FFF7FEFEE06801685E
:10AC60000029F6D12169C4E903100120306028468B
:10AC7000A560BDE8F0810020F8E70000780000241E
:10AC800008484068401C4FF0500080F3118804D001
:10AC9000BFF34F8FBFF36F8FFEE7BFF34F8FBFF34D
:10ACA0006F8FFEE7AC000024074CE068016841B1FB
:10ACB000C0680021D0F80000FFF766FFFFF7ECFE48
:10ACC000F3E701210020F7E7780000242DE9F041A7
:10ACD000044600F08FF994F9455004F1240609E088
:10ACE000606A48B1304600F073FE08B100F09CFA8B
:10ACF0006D1E6DB2002DF3DC4FF0FF3684F8456019
:10AD000000F098F900F076F994F9445004F1100736
:10AD100009E0206948B1384600F05AFE08B100F059
:10AD200083FA6D1E6DB2002DF3DC84F84460BDE83B
:10AD3000F04100F07FB900002DE9F0410027044602
:10AD400000F0FAFA2F4E306808B9FFF77BFDACB37C
:10AD500014F1090F47D80834600707D004F0070042
:10AD6000C0F10800C1438C423DD80444002C3ADDB8
:10AD70007068844237D82348143001460D6801E0DA
:10AD800028460D466968A14202D229680029F7D1F8
:10AD900031688D4227D007682968016008376868E4
:10ADA000011B10290FD92819420708D0502080F321
:10ADB0001188BFF34F8FBFF36F8FFEE713E0416041
:10ADC0006C60FFF7F7FD69687068401A7060B268E0
:10ADD000904200D2B06041F000410020C5E900017E
:10ADE000F068401CF06000F061FE780707D050204A
:10ADF00080F31188BFF34F8FBFF36F8FFEE73846A4
:10AE0000BDE8F0819000002470B5041F094E231F97
:10AE10004FF0807521F0010125601C1F1960A0F121
:10AE200020010B1F266044380A606FF002051D6088
:10AE300070BD000081AC00089FED0E0A0F4980ED47
:10AE4000590A80ED560A80ED570A80ED5E0A80EDC2
:10AE5000600A80ED620A80ED5F0A80ED610A896B0D
:10AE6000DFED050A91ED160A80ED580AC0ED5A0A89
:10AE700070470000000000000AD7A33D0401002431
:10AE800000B541EC100B2DED028B83B0B1EEC08B01
:10AE900018EE100A18EE901A8DED008B002818BFDE
:10AEA0000120084320F00040C0F17F6000F1E04045
:10AEB000C00F14D010EE101A10EE900A8DED000B9A
:10AEC000002918BF0121084320F00040C0F17F6035
:10AED00000F1E040C00F04BF0120FDF74BF851EC3A
:10AEE000180B03B0BDEC028B00BD10B500EE100ACC
:10AEF0002DED028BB1EEC08A18EE100A20F0004052
:10AF0000C0F1FF40C00F0AD010EE100A20F0004040
:10AF1000C0F1FF40C00F04BF0120FDF72BF818EE71
:10AF2000100ABDEC028B10BD01EE100A70EEC00AD3
:10AF30000120B8EEC11A8840401E21EE201A00EE12
:10AF4000900AF8EEE01AC1EE210A30EE800A70474E
:10AF5000D0E9013201699A60D0E901235A604A6858
:10AF6000824201D182684A60002202610868401E64
:10AF7000086008687047000010B5044C8023046026
:10AF800004F15C000860136010BD0000DC0B0024BD
:10AF900010B5044C4FF48073046004F15C00086049
:10AFA000136010BD380E00244FF0FF3300F108018C
:10AFB0000022C0E901130260C160016170470021F5
:10AFC0000161704730B50B685A1C02D000F10802CD
:10AFD00002E0026904E02246546825689D42FAD9DD
:10AFE00053684B6099608A60516008610168491C30
:10AFF000016030BD502080F31188BFF34F8FBFF345
:10B000006F8F0A494868401C486001280CD10848E5
:10B01000006810F0FF0F07D0502080F31188BFF3B5
:10B020004F8FBFF36F8FFEE770470000AC00002426
:10B0300004ED00E00849486828B1401E486001D18D
:10B0400080F311887047502080F31188BFF34F8F31
:10B05000BFF36F8FFEE70000AC00002470B500283E
:10B060002AD0A0F108046068002807DB502080F394
:10B070001188BFF34F8FBFF36F8FFEE7216839B19F
:10B08000502080F31188BFF34F8FBFF36F8FFEE71F
:10B0900020F00040606000F04FF9084D606869687A
:10B0A000084468602046FFF785FC2869401C286139
:10B0B000BDE8704000F0FABC70BD000090000024B4
:10B0C0004FF0E020002101614FF47A728161072383
:10B0D00003490968B1FBF2F1491E41610361704700
:10B0E0003000002410B5F5F759F9114910280ED396
:10B0F00000F1E0200A7890F8F003904207D2502047
:10B1000080F31188BFF34F8FBFF36F8FFEE70948BD
:10B110008968006800F4E060884207D9502080F315
:10B120001188BFF34F8FBFF36F8FFEE710BD000094
:10B13000AC0000240CED00E070B54FF0000258B1F7
:10B1400000291DD00F4C002304EBC3056E68864216
:10B150000AD104EBC3020FE0502080F31188BFF343
:10B160004F8FBFF36F8FFEE71AB954F8336006B9FB
:10B170002A465B1C082BE7D3002A01D0C2E9001045
:10B1800070BD0000C005002470B515460E4604468B
:10B19000FFF730FF94F944100020491C01D184F8D6
:10B1A000440094F94510491C01D184F84500FFF78B
:10B1B00041FFA06B28B904F124002A46314600F073
:10B1C00051F82046BDE87040FFF780BD020010B581
:10B1D00014D00F48406B38B1502080F31188BFF372
:10B1E0004F8FBFF36F8FFEE700F0A6F800211046E7
:10B1F000FFF71AFA00F05AFC002807D105494FF072
:10B2000080500860BFF34F8FBFF36F8F10BD0000F9
:10B210003800002404ED00E002490A6A0260C968AF
:10B22000416070473800002401490120C86170471F
:10B230003800002410B50C4650B10949096818318E
:10B24000FFF7C0FE2046BDE810400121FFF7ECB932
:10B25000502080F31188BFF34F8FBFF36F8FFEE74D
:10B2600038000024F0B40C46D0B111490D68436891
:10B27000EB619D680E6835620D689E6818357560D3
:10B280000D6818359D60096888620168491C016075
:10B290000AB14FF0FF3411462046F0BCFFF7C4B9A5
:10B2A000502080F31188BFF34F8FBFF36F8FFEE7FD
:10B2B0003800002430B587B0002405AA04A90394FF
:10B2C00003A80494FFF758FEDDE90301009400236E
:10B2D000CDE90110164814A1059A00F08BFA154D1E
:10B2E000E862A8B100F082FC012802D0401C12D014
:10B2F0000EE0502080F31188BFF34F8FBFF36F8FA4
:10B3000001204FF0FF31A9626861EC6000F052F853
:10B31000286B07B030BD502080F31188BFF34F8FEA
:10B32000BFF36F8FFEE7000049444C45000000006A
:10B330008DA80008380000240248416B491C416375
:10B340007047000038000024164810B5416B11B159
:10B350000121C16110BD0021C1611349026901E0F1
:10B36000BAB1521E02EB820351F82330002BF7D002
:10B3700002EB820301EB830101F108044B685B6877
:10B380004B60A34201D1CB684B60D9680160026178
:10B3900010BD502080F31188BFF34F8FBFF36F8F24
:10B3A000FEE700003800002400060024028001812E
:10B3B000704700003A483EB53A4902688A4207D1D0
:10B3C000502080F31188BFF34F8FBFF36F8FFEE7DC
:10B3D00034490068491E884207D1502080F3118803
:10B3E000BFF34F8FBFF36F8FFEE72F480025019506
:10B3F000FF2102788DF80820017001782B4C8DF820
:10B4000000109DF8001011F0500121700CD09DF833
:10B4100000205021914316D0502080F31188BFF3B3
:10B420004F8FBFF36F8FFEE7502080F31188BFF37B
:10B430004F8FBFF36F8FFEE7491C01919DF80010FD
:10B4400049008DF800109DF8001009060199F3D409
:10B45000082922D0C1F10701A160217A090201F473
:10B46000E061A1609DF8081001700D48203001686E
:10B4700041F47F010160016841F07F410160FFF705
:10B480001FFE6560F4F752FF0948016841F0404132
:10B490000160F4F737FF00203EBDA560DDE7000046
:10B4A00000ED00E071C20F4100E400E0AC000024B8
:10B4B00034EF00E0502010B580F31188BFF34F8FB8
:10B4C000BFF36F8F00F0ECF918B104494FF08050D2
:10B4D0000860002080F3118810BD000004ED00E03A
:10B4E000F8B5069D1BB158B14AB189B908E05020A2
:10B4F00080F31188BFF34F8FBFF36F8FFEE739B131
:10B50000502080F31188BFF34F8FBFF36F8FFEE79A
:10B5100050241C46012683F8466000932B46FFF713
:10B52000E5F92046F8BD00002DE9F05F04008A46E9
:10B530004FF0010B32D0E06B78B34FF0FF39226C43
:10B54000B9FBF0F0904242D3FFF754FD216800258B
:10B55000D4E90F23D4F840C004F1100810460E4679
:10B56000401EA56302FB031200FB0C10BAF1000F92
:10B57000666084F8449084F84590C4E9022015D0B0
:10B580004046FFF711FD04F12400FFF70DFD00BF59
:10B59000FFF750FD5846BDE8F09F18E0502080F3BB
:10B5A0001188BFF34F8FBFF36F8FFEE7206900282C
:10B5B000EED0404600F00CFA0028E9D008494FF0E0
:10B5C00080500860BFF34F8FBFF36F8FE0E75020CC
:10B5D00080F31188BFF34F8FBFF36F8FFEE700003A
:10B5E00004ED00E02DE9F74704008A4683B04FF0F0
:10B5F000000603D0BAF1000F08D011E0502080F30C
:10B600001188BFF34F8FBFF36F8FFEE7206C38B107
:10B61000502080F31188BFF34F8FBFF36F8FFEE789
:10B6200000F022F9DFF8F4804FF080574FF0000966
:10B6300048B9059838B1502080F31188BFF34F8F77
:10B64000BFF36F8FFEE7FFF7D5FCA56BC5B1514681
:10B650002046FFF7C9F86D1EA563206950B104F1BB
:10B66000100000F0B5F928B1C8F80070BFF34F8F93
:10B67000BFF36F8FFFF7DEFC012006B0BDE8F08757
:10B68000059808B11EB106E0FFF7D4FC27E0684634
:10B69000FFF7C2FD0126FFF7CDFCFFF74DFEFFF7D8
:10B6A000A9FC94F94400401C01D184F8449094F919
:10B6B0004500401C01D184F84590FFF7BBFC05A96B
:10B6C000684600F02DF8002820460AD0FFF7FEFA61
:10B6D00000F0ECF92046FFF7B1F90028B3D00020C4
:10B6E000CBE7FFF7ABF990B1059904F12400FFF720
:10B6F000A1FD2046FFF7EAFA00F0D8F90028A2D110
:10B70000C8F80070BFF34F8FBFF36F8F9BE72046E1
:10B71000FFF7DCFA00F0CAF995E7000004ED00E05D
:10B720002DE9F04105000C461BD014B3FFF762FC75
:10B73000174E2068F268471C6B68A2EB03010ED01D
:10B740002F68D6F820C00026674501D0934218D94B
:10B75000884216D9401A20602846FFF75DFD002573
:10B7600011E0502080F31188BFF34F8FBFF36F8F2C
:10B77000FEE7502080F31188BFF34F8FBFF36F8F28
:10B78000FEE701252660FFF755FC2846BDE8F0815D
:10B79000380000242DE9FF5F994616468A46834605
:10B7A0009000DDE90E87FFF7C7FA05001FD05C2087
:10B7B000FFF7C2FA040017D05C21F4F762FE002004
:10B7C000256384F859004B46CDE90087CDE9024056
:10B7D000324651465846FFF79AF82046FEF760FF7A
:10B7E000012004B0BDE8F09F2846FFF737FC4FF07A
:10B7F000FF30F6E72DE9F04786B01F4690468946B0
:10B800008246DDE90F540E9EEDB124B35C2000901A
:10B8100001462046F4F735FE2563022084F85900DE
:10B82000002104AA009603913B46CDE9012442463B
:10B8300049465046FFF76BF82046FEF731FF049863
:10B8400006B0BDE8F087502080F31188BFF34F8F1A
:10B85000BFF36F8FFEE7502080F31188BFF34F8F47
:10B86000BFF36F8FFEE700000548416919B1406BD7
:10B8700018B1002070470120704702207047000077
:10B88000380000240148C0687047000038000024D8
:10B8900010B5FFF727FC0148C06810BD3800002430
:10B8A0002DE9F047484C606B002628B1A069401C88
:10B8B000A0613046BDE8F087E5686D1CE56013D1F6
:10B8C000A06B006838B1502080F31188BFF34F8F10
:10B8D000BFF36F8FFEE7A06BE16BA163E063206AAB
:10B8E000401C2062FFF79AF93848A16A8D420FD3B5
:10B8F0004FF00009A16B096839B1A16BC968C9682B
:10B900004A68954212D2A26202E04FF0FF31A16272
:10B910002168C96A01EB810150F82100012800D992
:10B920000126E0690028C4D00126C2E7D1E90273EC
:10B930004A6901F10408BB60D1E902377B605368B2
:10B94000434501D1CB685360C1F8149013685B1E66
:10B9500013608A6A9AB1D1E9077C01F11803C7F82C
:10B9600008C0D1E9077CCCF8047057689F4201D128
:10B970000B6A5360C1F8289013685B1E1360CA6A93
:10B9800023699A4200D9226102EB820200EB820213
:10B9900052688A609368CB609368C3F80480C2F8E9
:10B9A0000880CA6A02EB820200EB82034B6150F806
:10B9B00022305B1C40F822302268C96AD26A914268
:10B9C00098D9012696E700003800002400060024DC
:10B9D00030B5C068C06850B3D0E90732816A9A6058
:10B9E000D0E907235A6000F118034A689A4201D14E
:10B9F000026A4A60002484620A68521E0A6028496A
:10BA00004A6BE2B1274C6268C2619568056295682D
:10BA10006B60936084622268521C2260C06A0A686C
:10BA2000D26A904239D90122CA61104630BD5020F5
:10BA300080F31188BFF34F8FBFF36F8FFEE7D0E91C
:10BA400002534269AB60D0E902356B60031D556853
:10BA50009D4201D1C568556044611468641E14603C
:10BA6000C26A0C69A24200D90A6102EB82020E4C42
:10BA700004EB8202526882609568C56095686B60CD
:10BA80009360C26A02EB820204EB8203436154F8C2
:10BA900022305B1C44F82230C0E7002030BD00009B
:10BAA00038000024880A0024000600242DE9F0470D
:10BAB000DFF82881D8F834000024254650B1FFF77C
:10BAC00099FAD8F83400401EC8F83400D8F8340089
:10BAD00040B17EE0502080F31188BFF34F8FBFF359
:10BAE0006F8FFEE73E480126D8F808104FF0000996
:10BAF000F1BB6EE0C168CC68D4E90732A16A9A60F4
:10BB0000D4E907235A6004F118024B68934201D12B
:10BB1000226A4A604A46C4F828900B685B1E0B6094
:10BB2000D4E9027C6169231DC7F808C0D4E9027C0E
:10BB3000CCF804704F689F4201D1E7684F606261A2
:10BB40000A68521E0A60E16AD8F81020914201D9B1
:10BB5000C8F8101001EB8101224A02EB810149680B
:10BB6000A1608F68E7608F687B608B60E16A00E0AE
:10BB700011E001EB810102EB8103636152F8213096
:10BB80005B1C42F82130D8F80020E16AD26A914269
:10BB900001D9C8F81C6001680029ABD10CB1FFF7CE
:10BBA0003DF8D8F8184044B1FFF77AFE08B1C8F85C
:10BBB0001C60641EF8D1C8F81890D8F81C0040B179
:10BBC000094901254FF080500860BFF34F8FBFF344
:10BBD0006F8FFFF72FFA2846BDE8F0873800002462
:10BBE000880A00240006002404ED00E010B586B0A9
:10BBF000FEF7CEFD114C2068B8B10020039005AAD5
:10BC0000049004A903A8FFF7C3F9DDE9032102208A
:10BC100000238DE807000C4809A1059AFFF7EAFD0B
:10BC2000606010B106B0012010BD502080F3118873
:10BC3000BFF34F8FBFF36F8FFEE700007800002443
:10BC4000546D722053766300A9AC000870B50223CE
:10BC5000044600221946F8F75DFF1448D4F808118D
:10BC600000F124026CCA81E86C0000F13803D4F8BA
:10BC70000021416B68CB82E86A0000F14803D4F8E8
:10BC80002011426C68CB81E86C00416D5830D4F8CB
:10BC9000242129C802C2064982E8290001C9D4F832
:10BCA00018211AC982E81B0070BD0000A8010024F9
:10BCB00058BE000870B504464068C0ED000A6068D0
:10BCC00080ED010A2046F9F70BFA084800212368A5
:10BCD0004A1C00EB810503EB8103D1B293ED000A0E
:10BCE000022985ED000AF2D370BD0000C4010024D2
:10BCF00004C8000800000000000000000000000070
:10BD00000000000000020000180000000000000019
:10BD100000000000ECC70008000000000000000068
:10BD200000000000000000000002000030000000E1
:10BD30000000000000000000DCC700080000000058
:10BD400000000000000000000000000000040000EF
:10BD5000200000000000000000000000CCC7000828
:10BD600000000000000000000000000000000000D3
:10BD7000000400002000000000000000000000009F
:10BD8000BCC7000800000000000000000000000028
:10BD90000000000000020000280000000000000079
:10BDA00000000000B0C70008000000000000000014
:10BDB0000000000000000000000200002000000061
:10BDC0000000000000000000F8C7000800000000AC
:10BDD0000000000000000000000000000001000062
:10BDE0001800000000000000000000000001020335
:10BDF00004050607080C101418203040000000004D
:10BE00000000000000000000000000000000000032
:10BE10000100000002000000030000000400000018
:10BE2000000000000500000000000000000000000D
:10BE300000000000060000000000000000000000FC
:10BE400000000000070000000000000001020304E1
:10BE500001020304060708090000803F00000000FB
:10BE6000000000000000803F000000000000000013
:10BE7000000000000000004000000000CDCC4C3E5F
:10BE800000000000920E493CB10AC93C2BC3163D8C
:10BE90002EFB483D752B7B3D04A9963D80B6AF3DFA
:10BEA00036BDC83D2FBCE13D73B2FA3D87CF093E98
:10BEB0008340163EB5AB223EA2102F3ECF6E3B3ED6
:10BEC000C2C5473E0115543E135C603E7F9A6C3EEE
:10BED000CCCF783EC07D823E938E883E229A8E3EA5
:10BEE00032A0943E86A09A3EE59AA03E128FA63ECE
:10BEF000D47CAC3EEF63B23E2A44B83E491DBE3E00
:10BF000015EFC33E53B9C93ECA7BCF3E4136D53E3D
:10BF100080E8DA3E4F92E03E7533E63EBBCBEB3E27
:10BF2000EA5AF13ECBE0F63E275DFC3EE4E7003FF7
:10BF30003D9C033F824B063F9BF5083F6B9A0B3FAE
:10BF4000DA390E3FCDD3103F2A68133FD9F6153F9B
:10BF5000C07F183FC6021B3FD17F1D3FCBF61F3F5E
:10BF60009967223F25D2243F5636273F1594293F13
:10BF70004AEB2B3FDE3B2E3FBB85303FC9C8323FEB
:10BF8000F304353F233A373F4268393F3B8F3B3F0D
:10BF9000F9AE3D3F67C73F3F70D8413F01E2433FA5
:10BFA00003E4453F65DE473F12D1493FF8BB4B3FB5
:10BFB000029F4D3F207A4F3F3D4D513F4918533F1F
:10BFC00031DB543FE595563F5348583F6AF2593F9D
:10BFD0001A945B3F532D5D3F05BE5E3F2146603F97
:10BFE00097C5613F5A3C633F59AA643F880F663F3B
:10BFF000D86B673F3CBF683FA7096A3F0C4B6B3F5C
:10C000005E836C3F93B26D3F9ED86E3F73F56F3F7A
:10C010000809713F5213723F4714733FDD0B743FA1
:10C020000BFA743FC6DE753F07BA763FC58B773F84
:10C03000F853783F9812793F9DC7793F02737A3F52
:10C04000BE147B3FCDAC7B3F283B7C3FC9BF7C3FD0
:10C05000AC3A7D3FCCAB7D3F23137E3FB0707E3F3B
:10C060006DC47E3F580E7F3F6D4E7F3FAB847F3F58
:10C070000FB17F3F97D37F3F43EC7F3F11FB7F3F63
:10C080000000803F11FB7F3F43EC7F3F97D37F3F12
:10C090000FB17F3FAB847F3F6D4E7F3F580E7F3F98
:10C0A0006DC47E3FB0707E3F23137E3FCCAB7D3F9F
:10C0B000AC3A7D3FC9BF7C3F283B7C3FCDAC7B3F4A
:10C0C000BE147B3F02737A3F9DC7793F9812793F38
:10C0D000F853783FC58B773F07BA763FC6DE753F8A
:10C0E0000BFA743FDD0B743F4714733F5213723FDA
:10C0F0000809713F73F56F3F9ED86E3F93B26D3F55
:10C100005E836C3F0C4B6B3FA7096A3F3CBF683FA7
:10C11000D86B673F880F663F59AA643F5A3C633F1C
:10C1200097C5613F2146603F05BE5E3F532D5D3F91
:10C130001A945B3F6AF2593F5348583FE595563F82
:10C1400031DB543F4918533F3D4D513F207A4F3F1B
:10C15000029F4D3FF8BB4B3F12D1493F65DE473F41
:10C1600003E4453F01E2433F70D8413F67C73F3F8B
:10C17000F9AE3D3F3B8F3B3F4268393F233A373F63
:10C18000F304353FC9C8323FBB85303FDE3B2E3F0D
:10C190004AEB2B3F1594293F5636273F25D2243FA3
:10C1A0009967223FCBF61F3FD17F1D3FC6021B3F41
:10C1B000C07F183FD9F6153F2A68133FCDD3103FF3
:10C1C000DA390E3F6B9A0B3F9BF5083F824B063FD7
:10C1D0003D9C033FE4E7003F275DFC3ECBE0F63E9D
:10C1E000EA5AF13EBBCBEB3E7533E63E4F92E03E62
:10C1F00080E8DA3E4136D53ECA7BCF3E53B9C93ED0
:10C2000015EFC33E491DBE3E2A44B83EEF63B23E21
:10C21000D47CAC3E128FA63EE59AA03E86A09A3E04
:10C2200032A0943E229A8E3E938E883EC07D823EFE
:10C23000CCCF783E7F9A6C3E135C603E0115543E35
:10C24000C2C5473ECF6E3B3EA2102F3EB5AB223E4D
:10C250008340163E87CF093E73B2FA3D2FBCE13DC5
:10C2600036BDC83D80B6AF3D04A9963D752B7B3DDC
:10C270002EFB483D2BC3163DB10AC93C920E493CEA
:10C2800000000000920E49BCB10AC9BC2BC316BD08
:10C290002EFB48BD752B7BBD04A996BD80B6AFBDF6
:10C2A00036BDC8BD2FBCE1BD73B2FABD87CF09BE94
:10C2B000834016BEB5AB22BEA2102FBECF6E3BBED2
:10C2C000C2C547BE011554BE135C60BE7F9A6CBEEA
:10C2D000CCCF78BEC07D82BE938E88BE229A8EBEA1
:10C2E00032A094BE86A09ABEE59AA0BE128FA6BECA
:10C2F000D47CACBEEF63B2BE2A44B8BE491DBEBEFC
:10C3000015EFC3BE53B9C9BECA7BCFBE4136D5BE39
:10C3100080E8DABE4F92E0BE7533E6BEBBCBEBBE23
:10C32000EA5AF1BECBE0F6BE275DFCBEE4E700BFF3
:10C330003D9C03BF824B06BF9BF508BF6B9A0BBFAA
:10C34000DA390EBFCDD310BF2A6813BFD9F615BF97
:10C35000C07F18BFC6021BBFD17F1DBFCBF61FBF5A
:10C36000996722BF25D224BF563627BF159429BF0F
:10C370004AEB2BBFDE3B2EBFBB8530BFC9C832BFE7
:10C38000F30435BF233A37BF426839BF3B8F3BBF09
:10C39000F9AE3DBF67C73FBF70D841BF01E243BFA1
:10C3A00003E445BF65DE47BF12D149BFF8BB4BBFB1
:10C3B000029F4DBF207A4FBF3D4D51BF491853BF1B
:10C3C00031DB54BFE59556BF534858BF6AF259BF99
:10C3D0001A945BBF532D5DBF05BE5EBF214660BF93
:10C3E00097C561BF5A3C63BF59AA64BF880F66BF37
:10C3F000D86B67BF3CBF68BFA7096ABF0C4B6BBF58
:10C400005E836CBF93B26DBF9ED86EBF73F56FBF76
:10C41000080971BF521372BF471473BFDD0B74BF9D
:10C420000BFA74BFC6DE75BF07BA76BFC58B77BF80
:10C43000F85378BF981279BF9DC779BF02737ABF4E
:10C44000BE147BBFCDAC7BBF283B7CBFC9BF7CBFCC
:10C45000AC3A7DBFCCAB7DBF23137EBFB0707EBF37
:10C460006DC47EBF580E7FBF6D4E7FBFAB847FBF54
:10C470000FB17FBF97D37FBF43EC7FBF11FB7FBF5F
:10C48000000080BF11FB7FBF43EC7FBF97D37FBF0E
:10C490000FB17FBFAB847FBF6D4E7FBF580E7FBF94
:10C4A0006DC47EBFB0707EBF23137EBFCCAB7DBF9B
:10C4B000AC3A7DBFC9BF7CBF283B7CBFCDAC7BBF46
:10C4C000BE147BBF02737ABF9DC779BF981279BF34
:10C4D000F85378BFC58B77BF07BA76BFC6DE75BF86
:10C4E0000BFA74BFDD0B74BF471473BF521372BFD6
:10C4F000080971BF73F56FBF9ED86EBF93B26DBF51
:10C500005E836CBF0C4B6BBFA7096ABF3CBF68BFA3
:10C51000D86B67BF880F66BF59AA64BF5A3C63BF18
:10C5200097C561BF214660BF05BE5EBF532D5DBF8D
:10C530001A945BBF6AF259BF534858BFE59556BF7E
:10C5400031DB54BF491853BF3D4D51BF207A4FBF17
:10C55000029F4DBFF8BB4BBF12D149BF65DE47BF3D
:10C5600003E445BF01E243BF70D841BF67C73FBF87
:10C57000F9AE3DBF3B8F3BBF426839BF233A37BF5F
:10C58000F30435BFC9C832BFBB8530BFDE3B2EBF09
:10C590004AEB2BBF159429BF563627BF25D224BF9F
:10C5A000996722BFCBF61FBFD17F1DBFC6021BBF3D
:10C5B000C07F18BFD9F615BF2A6813BFCDD310BFEF
:10C5C000DA390EBF6B9A0BBF9BF508BF824B06BFD3
:10C5D0003D9C03BFE4E700BF275DFCBECBE0F6BE99
:10C5E000EA5AF1BEBBCBEBBE7533E6BE4F92E0BE5E
:10C5F00080E8DABE4136D5BECA7BCFBE53B9C9BECC
:10C6000015EFC3BE491DBEBE2A44B8BEEF63B2BE1D
:10C61000D47CACBE128FA6BEE59AA0BE86A09ABE00
:10C6200032A094BE229A8EBE938E88BEC07D82BEFA
:10C63000CCCF78BE7F9A6CBE135C60BE011554BE31
:10C64000C2C547BECF6E3BBEA2102FBEB5AB22BE49
:10C65000834016BE87CF09BE73B2FABD2FBCE1BDC1
:10C6600036BDC8BD80B6AFBD04A996BD752B7BBDD8
:10C670002EFB48BD2BC316BDB10AC9BC920E49BCE6
:10C680000000008000000000000000000000F03FFB
:10C69000000000000000F83F000000000000000063
:10C6A0000000004003B8E23F00000000000000006E
:10C6B00006D0CF43EBFD4C3E033333333333E33FFC
:10C6C000FFAB6FDBB66DDB3F4D268F515555D53F28
:10C6D00001411DA96074D13F65DBC9934A86CD3FF6
:10C6E000EF4E454A287ECA3F3E5555555555C53FE4
:10C6F00093BDBE166CC166BF2CDE25AF6A56113FD6
:10C70000F16BD2C541BDBBBED0A4BE726937663ED7
:10C710004FBB610567ACDD3F182D4454FB21E93F59
:10C720009BF681D20B73EF3F182D4454FB21F93F48
:10C73000E2652F227F2B7A3C075C143326A6813CCE
:10C74000BDCBF07A8807703C075C143326A6913C79
:10C75000C4EB98999999C9BF711623FEC671BCBFE5
:10C760006D9A74AFF2B0B3BF9AFDDE522DDEADBF4D
:10C770002F6C6A2C44B4A2BF0D5555555555D53F65
:10C78000FF8300922449C23F6E204CC5CD45B73F80
:10C79000513DD0A0660DB13FEB0D76244B7BA93FF8
:10C7A00011DA22E33AAD903F0000000000000000E3
:10C7B0005053325F5441534B000000004F425345E9
:10C7C000525645525F5441534B0000004C5F434862
:10C7D00041535349535F5441534B0000525F434808
:10C7E00041535349535F5441534B0000494E535FEB
:10C7F0005441534B0000000054656D705F54415329
:10C800004B00000064656661756C745461736B0065
:10C8100030C8000800000024140300000C050008C4
:10C820006CC90008140300241C590000647F000830
:10C830000124320182103C90D00304012F024737BB
:10C840001AAA01899725701770170009103333EB66
:10C850003A58A08B3A157D04017C100F0240AB03BF
:10C860004101055308065804070F160810810911E5
:10C87000160A15800B16E50C18010D02310A1FFF70
:10C88000735AFFFF8001015F0225036F803FA69B63
:10C89000443B0C4904891C85CDCCCC3D490CA3C834
:10C8A00042390C02100110735CA03EC39A28F64274
:10C8B000C5201FC2068115BD22EC89C12575064120
:10C8C00041F18DC0B537F8BCFFC1FEC26F52954231
:10C8D000249771C1FDF625BF2FAEE5C237298542E9
:10C8E000979060C1499D50BFCE61C4C3F193884306
:10C8F000971F8CC2D0B3EF40D88181C183C03B4128
:10C9000082E24BC08F53D43E580AD2C2C58FF84240
:10C91000CAD43CC2304CF2406F70784DC289C1DA43
:10C9200041CE1908C1CE19A13F9727C4C3CC6F8748
:10C9300043076E89C2C05BE240094BE8C3048E9C8A
:10C940004368A29AC27446F84066F6B2444DAF52AC
:10C95000C401AE2B4319739D4003789E42EE1A3EEC
:0CC96000C230BB1F4103788BF0012C009B
:04000005080002CD20
:00000001FF
